id,first_name,last_name,position,id_team,abbreviation,city,conference,division,full_name,name
14,Ike,Anigbogu,C,12,IND,Indiana,East,Central,Indiana Pacers,Pacers
25,Ron,Baker,G,20,NYK,New York,East,Atlantic,New York Knicks,Knicks
47,Jabari,Bird,G,2,BOS,Boston,East,Atlantic,Boston Celtics,Celtics
67,MarShon,Brooks,G,15,MEM,Memphis,West,Southwest,Memphis Grizzlies,Grizzlies
71,Lorenzo,Brown,G,28,TOR,Toronto,East,Atlantic,Toronto Raptors,Raptors
90,Omri,Casspi,F,15,MEM,Memphis,West,Southwest,Memphis Grizzlies,Grizzlies
1,Alex,Abrines,G,21,OKC,Oklahoma City,West,Northwest,Oklahoma City Thunder,Thunder
119,Tyler,Davis,C,21,OKC,Oklahoma City,West,Northwest,Oklahoma City Thunder,Thunder
149,Keenan,Evans,G,9,DET,Detroit,East,Central,Detroit Pistons,Pistons
179,Marcin,Gortat,C,13,LAC,LA,West,Pacific,LA Clippers,Clippers
1593,Andrew,Bogut,F,10,GSW,Golden State,West,Pacific,Golden State Warriors,Warriors
241,Amir,Johnson,C-F,23,PHI,Philadelphia,East,Atlantic,Philadelphia 76ers,76ers
392,Malachi,Richardson,G,29,UTA,Utah,West,Northwest,Utah Jazz,Jazz
281,Zach,Lofton,G,9,DET,Detroit,East,Central,Detroit Pistons,Pistons
263,Kosta,Koufos,C,26,SAC,Sacramento,West,Pacific,Sacramento Kings,Kings
382,Billy,Preston,F,6,CLE,Cleveland,East,Central,Cleveland Cavaliers,Cavaliers
384,Zhou,Qi,F-C,11,HOU,Houston,West,Southwest,Houston Rockets,Rockets
388,Zach,Randolph,F,26,SAC,Sacramento,West,Pacific,Sacramento Kings,Kings
430,DJ,Stephens,G-F,15,MEM,Memphis,West,Southwest,Memphis Grizzlies,Grizzlies
437,Milos,Teodosic,G,13,LAC,LA,West,Pacific,LA Clippers,Clippers
448,Gary,Trent Jr.,G,25,POR,Portland,West,Northwest,Portland Trail Blazers,Trail Blazers
494,Michael,Smith,,2,BOS,Boston,East,Atlantic,Boston Celtics,Celtics
495,John,Morton,,6,CLE,Cleveland,East,Central,Cleveland Cavaliers,Cavaliers
496,Howard,Wright,,1,ATL,Atlanta,East,Southeast,Atlanta Hawks,Hawks
497,Michael,Ansley,,22,ORL,Orlando,East,Southeast,Orlando Magic,Magic
14,Ike,Anigbogu,C,12,IND,Indiana,East,Central,Indiana Pacers,Pacers
25,Ron,Baker,G,20,NYK,New York,East,Atlantic,New York Knicks,Knicks
47,Jabari,Bird,G,2,BOS,Boston,East,Atlantic,Boston Celtics,Celtics
67,MarShon,Brooks,G,15,MEM,Memphis,West,Southwest,Memphis Grizzlies,Grizzlies
71,Lorenzo,Brown,G,28,TOR,Toronto,East,Atlantic,Toronto Raptors,Raptors
90,Omri,Casspi,F,15,MEM,Memphis,West,Southwest,Memphis Grizzlies,Grizzlies
1,Alex,Abrines,G,21,OKC,Oklahoma City,West,Northwest,Oklahoma City Thunder,Thunder
119,Tyler,Davis,C,21,OKC,Oklahoma City,West,Northwest,Oklahoma City Thunder,Thunder
149,Keenan,Evans,G,9,DET,Detroit,East,Central,Detroit Pistons,Pistons
179,Marcin,Gortat,C,13,LAC,LA,West,Pacific,LA Clippers,Clippers
1593,Andrew,Bogut,F,10,GSW,Golden State,West,Pacific,Golden State Warriors,Warriors
241,Amir,Johnson,C-F,23,PHI,Philadelphia,East,Atlantic,Philadelphia 76ers,76ers
392,Malachi,Richardson,G,29,UTA,Utah,West,Northwest,Utah Jazz,Jazz
281,Zach,Lofton,G,9,DET,Detroit,East,Central,Detroit Pistons,Pistons
263,Kosta,Koufos,C,26,SAC,Sacramento,West,Pacific,Sacramento Kings,Kings
382,Billy,Preston,F,6,CLE,Cleveland,East,Central,Cleveland Cavaliers,Cavaliers
384,Zhou,Qi,F-C,11,HOU,Houston,West,Southwest,Houston Rockets,Rockets
388,Zach,Randolph,F,26,SAC,Sacramento,West,Pacific,Sacramento Kings,Kings
430,DJ,Stephens,G-F,15,MEM,Memphis,West,Southwest,Memphis Grizzlies,Grizzlies
437,Milos,Teodosic,G,13,LAC,LA,West,Pacific,LA Clippers,Clippers
448,Gary,Trent Jr.,G,25,POR,Portland,West,Northwest,Portland Trail Blazers,Trail Blazers
494,Michael,Smith,,2,BOS,Boston,East,Atlantic,Boston Celtics,Celtics
495,John,Morton,,6,CLE,Cleveland,East,Central,Cleveland Cavaliers,Cavaliers
496,Howard,Wright,,1,ATL,Atlanta,East,Southeast,Atlanta Hawks,Hawks
497,Michael,Ansley,,22,ORL,Orlando,East,Southeast,Orlando Magic,Magic
498,John,Salley,,9,DET,Detroit,East,Central,Detroit Pistons,Pistons
499,Dan,Schayes,,17,MIL,Milwaukee,East,Central,Milwaukee Bucks,Bucks
500,Mark,Eaton,,29,UTA,Utah,West,Northwest,Utah Jazz,Jazz
501,Kevin,Johnson,,24,PHX,Phoenix,West,Pacific,Phoenix Suns,Suns
502,Danny,Ainge,,25,POR,Portland,West,Northwest,Portland Trail Blazers,Trail Blazers
503,Kenny,Smith,,11,HOU,Houston,West,Southwest,Houston Rockets,Rockets
504,Randy,Breuer,,18,MIN,Minnesota,West,Northwest,Minnesota Timberwolves,Timberwolves
505,Herb,Williams,,7,DAL,Dallas,West,Southwest,Dallas Mavericks,Mavericks
506,Joe,Wolf,,8,DEN,Denver,West,Northwest,Denver Nuggets,Nuggets
507,Steve,Johnson,,10,GSW,Golden State,West,Pacific,Golden State Warriors,Warriors
508,Glen,Rice,,16,MIA,Miami,East,Southeast,Miami Heat,Heat
509,Greg,Foster,,30,WAS,Washington,East,Southeast,Washington Wizards,Wizards
510,Larry,Nance,,6,CLE,Cleveland,East,Central,Cleveland Cavaliers,Cavaliers
511,Duane,Ferrell,,1,ATL,Atlanta,East,Southeast,Atlanta Hawks,Hawks
512,Nick,Anderson,,22,ORL,Orlando,East,Southeast,Orlando Magic,Magic
513,Joe,Dumars,,9,DET,Detroit,East,Central,Detroit Pistons,Pistons
514,Jay,Humphries,,17,MIL,Milwaukee,East,Central,Milwaukee Bucks,Bucks
515,Darrell,Griffith,,29,UTA,Utah,West,Northwest,Utah Jazz,Jazz
516,Dan,Majerle,,24,PHX,Phoenix,West,Pacific,Phoenix Suns,Suns
517,Tom,Chambers,,24,PHX,Phoenix,West,Pacific,Phoenix Suns,Suns
518,Alaa,Abdelnaby,,25,POR,Portland,West,Northwest,Portland Trail Blazers,Trail Blazers
519,Adrian,Caldwell,,11,HOU,Houston,West,Southwest,Houston Rockets,Rockets
520,Vernon,Maxwell,,11,HOU,Houston,West,Southwest,Houston Rockets,Rockets
521,Doug,West,,18,MIN,Minnesota,West,Northwest,Minnesota Timberwolves,Timberwolves
522,Tony,Campbell,,18,MIN,Minnesota,West,Northwest,Minnesota Timberwolves,Timberwolves
523,Roy,Tarpley,,7,DAL,Dallas,West,Southwest,Dallas Mavericks,Mavericks
524,Anthony,Cook,,8,DEN,Denver,West,Northwest,Denver Nuggets,Nuggets
525,Todd,Lichti,,8,DEN,Denver,West,Northwest,Denver Nuggets,Nuggets
526,Tom,Tolbert,,10,GSW,Golden State,West,Pacific,Golden State Warriors,Warriors
527,Billy,Thompson,,16,MIA,Miami,East,Southeast,Miami Heat,Heat
528,Byron,Irvin,,30,WAS,Washington,East,Southeast,Washington Wizards,Wizards
529,Mark,Price,,6,CLE,Cleveland,East,Central,Cleveland Cavaliers,Cavaliers
530,Dominique,Wilkins,,1,ATL,Atlanta,East,Southeast,Atlanta Hawks,Hawks
531,Dennis,Scott,,22,ORL,Orlando,East,Southeast,Orlando Magic,Magic
532,Terry,Catledge,,22,ORL,Orlando,East,Southeast,Orlando Magic,Magic
533,Bill,Laimbeer,,9,DET,Detroit,East,Central,Detroit Pistons,Pistons
534,William,Bedford,,9,DET,Detroit,East,Central,Detroit Pistons,Pistons
535,Ricky,Pierce,,17,MIL,Milwaukee,East,Central,Milwaukee Bucks,Bucks
536,Blue,Edwards,,29,UTA,Utah,West,Northwest,Utah Jazz,Jazz
537,Walter,Palmer,,29,UTA,Utah,West,Northwest,Utah Jazz,Jazz
538,Mark,West,,24,PHX,Phoenix,West,Pacific,Phoenix Suns,Suns
539,Clifford,Robinson,,25,POR,Portland,West,Northwest,Portland Trail Blazers,Trail Blazers
540,Hakeem,Olajuwon,,11,HOU,Houston,West,Southwest,Houston Rockets,Rockets
541,Richard,Coffey,,18,MIN,Minnesota,West,Northwest,Minnesota Timberwolves,Timberwolves
542,James,Donaldson,,7,DAL,Dallas,West,Southwest,Dallas Mavericks,Mavericks
543,Jerome,Lane,,8,DEN,Denver,West,Northwest,Denver Nuggets,Nuggets
544,Sarunas,Marciulionis,,10,GSW,Golden State,West,Pacific,Golden State Warriors,Warriors
545,Grant,Long,,16,MIA,Miami,East,Southeast,Miami Heat,Heat
546,Willie,Burton,,16,MIA,Miami,East,Southeast,Miami Heat,Heat
547,Mark,Alarie,,30,WAS,Washington,East,Southeast,Washington Wizards,Wizards
548,Winston,Bennett,,6,CLE,Cleveland,East,Central,Cleveland Cavaliers,Cavaliers
549,Doc,Rivers,,1,ATL,Atlanta,East,Southeast,Atlanta Hawks,Hawks
550,Tim,McCormick,,1,ATL,Atlanta,East,Southeast,Atlanta Hawks,Hawks
551,Scott,Skiles,,22,ORL,Orlando,East,Southeast,Orlando Magic,Magic
552,Dennis,Rodman,,9,DET,Detroit,East,Central,Detroit Pistons,Pistons
553,Greg,Anderson,,17,MIL,Milwaukee,East,Central,Milwaukee Bucks,Bucks
554,Jeff,Malone,,29,UTA,Utah,West,Northwest,Utah Jazz,Jazz
555,Cedric,Ceballos,,24,PHX,Phoenix,West,Pacific,Phoenix Suns,Suns
556,Tim,Perry,,24,PHX,Phoenix,West,Pacific,Phoenix Suns,Suns
557,Buck,Williams,,25,POR,Portland,West,Northwest,Portland Trail Blazers,Trail Blazers
558,Dave,Jamerson,,11,HOU,Houston,West,Southwest,Houston Rockets,Rockets
559,Scott,Brooks,,18,MIN,Minnesota,West,Northwest,Minnesota Timberwolves,Timberwolves
560,Rolando,Blackman,,7,DAL,Dallas,West,Southwest,Dallas Mavericks,Mavericks
561,Avery,Johnson,,8,DEN,Denver,West,Northwest,Denver Nuggets,Nuggets
562,Rod,Higgins,,10,GSW,Golden State,West,Pacific,Golden State Warriors,Warriors
563,Jon,Sundvold,,16,MIA,Miami,East,Southeast,Miami Heat,Heat
564,A.J.,English,,30,WAS,Washington,East,Southeast,Washington Wizards,Wizards
565,John,Battle,,1,ATL,Atlanta,East,Southeast,Atlanta Hawks,Hawks
566,Sam,Vincent,,22,ORL,Orlando,East,Southeast,Orlando Magic,Magic
567,Isiah,Thomas,,9,DET,Detroit,East,Central,Detroit Pistons,Pistons
568,Brad,Lohaus,,17,MIL,Milwaukee,East,Central,Milwaukee Bucks,Bucks
569,Mike,Brown,,29,UTA,Utah,West,Northwest,Utah Jazz,Jazz
570,Kenny,Battle,,24,PHX,Phoenix,West,Pacific,Phoenix Suns,Suns
571,Danny,Young,,25,POR,Portland,West,Northwest,Portland Trail Blazers,Trail Blazers
572,Larry,Smith,,11,HOU,Houston,West,Southwest,Houston Rockets,Rockets
573,Pooh,Richardson,,18,MIN,Minnesota,West,Northwest,Minnesota Timberwolves,Timberwolves
574,Derek,Harper,,7,DAL,Dallas,West,Southwest,Dallas Mavericks,Mavericks
575,Michael,Adams,,8,DEN,Denver,West,Northwest,Denver Nuggets,Nuggets
576,Tim,Hardaway,,10,GSW,Golden State,West,Pacific,Golden State Warriors,Warriors
577,Bimbo,Coles,,16,MIA,Miami,East,Southeast,Miami Heat,Heat
578,Darrell,Walker,,30,WAS,Washington,East,Southeast,Washington Wizards,Wizards
579,Kevin,Willis,,1,ATL,Atlanta,East,Southeast,Atlanta Hawks,Hawks
580,Otis,Smith,,22,ORL,Orlando,East,Southeast,Orlando Magic,Magic
581,James,Edwards,,9,DET,Detroit,East,Central,Detroit Pistons,Pistons
582,Frank,Brickowski,,17,MIL,Milwaukee,East,Central,Milwaukee Bucks,Bucks
583,Karl,Malone,,29,UTA,Utah,West,Northwest,Utah Jazz,Jazz
584,Ian,Lockhart,,24,PHX,Phoenix,West,Pacific,Phoenix Suns,Suns
585,Kevin,Duckworth,,25,POR,Portland,West,Northwest,Portland Trail Blazers,Trail Blazers
586,Otis,Thorpe,,11,HOU,Houston,West,Southwest,Houston Rockets,Rockets
587,Gerald,Glass,,18,MIN,Minnesota,West,Northwest,Minnesota Timberwolves,Timberwolves
588,Alex,English,,7,DAL,Dallas,West,Southwest,Dallas Mavericks,Mavericks
589,T.R.,Dunn,,8,DEN,Denver,West,Northwest,Denver Nuggets,Nuggets
590,Alton,Lister,,10,GSW,Golden State,West,Pacific,Golden State Warriors,Warriors
591,Sherman,Douglas,,16,MIA,Miami,East,Southeast,Miami Heat,Heat
592,Charles,Jones,,30,WAS,Washington,East,Southeast,Washington Wizards,Wizards
593,Moses,Malone,,1,ATL,Atlanta,East,Southeast,Atlanta Hawks,Hawks
594,Mark,Acres,,22,ORL,Orlando,East,Southeast,Orlando Magic,Magic
595,Lance,Blanks,,9,DET,Detroit,East,Central,Detroit Pistons,Pistons
596,Jeff,Grayer,,17,MIL,Milwaukee,East,Central,Milwaukee Bucks,Bucks
597,Chris,Munk,,29,UTA,Utah,West,Northwest,Utah Jazz,Jazz
598,Jeff,Hornacek,,24,PHX,Phoenix,West,Pacific,Phoenix Suns,Suns
599,Jerome,Kersey,,25,POR,Portland,West,Northwest,Portland Trail Blazers,Trail Blazers
600,Dave,Feitl,,11,HOU,Houston,West,Southwest,Houston Rockets,Rockets
601,Tod,Murphy,,18,MIN,Minnesota,West,Northwest,Minnesota Timberwolves,Timberwolves
602,Lafayette,Lever,,7,DAL,Dallas,West,Southwest,Dallas Mavericks,Mavericks
603,Corey,Gaines,,8,DEN,Denver,West,Northwest,Denver Nuggets,Nuggets
604,Mitch,Richmond,,10,GSW,Golden State,West,Pacific,Golden State Warriors,Warriors
605,Kevin,Edwards,,16,MIA,Miami,East,Southeast,Miami Heat,Heat
606,Haywoode,Workman,,30,WAS,Washington,East,Southeast,Washington Wizards,Wizards
607,Tom,Hammonds,,30,WAS,Washington,East,Southeast,Washington Wizards,Wizards
608,Rumeal,Robinson,,1,ATL,Atlanta,East,Southeast,Atlanta Hawks,Hawks
609,Greg,Kite,,22,ORL,Orlando,East,Southeast,Orlando Magic,Magic
610,Vinnie,Johnson,,9,DET,Detroit,East,Central,Detroit Pistons,Pistons
611,Jack,Sikma,,17,MIL,Milwaukee,East,Central,Milwaukee Bucks,Bucks
612,Delaney,Rudd,,29,UTA,Utah,West,Northwest,Utah Jazz,Jazz
613,Ed,Nealy,,24,PHX,Phoenix,West,Pacific,Phoenix Suns,Suns
614,Wayne,Cooper,,25,POR,Portland,West,Northwest,Portland Trail Blazers,Trail Blazers
615,Sleepy,Floyd,,11,HOU,Houston,West,Southwest,Houston Rockets,Rockets
616,Felton,Spencer,,18,MIN,Minnesota,West,Northwest,Minnesota Timberwolves,Timberwolves
617,Tyrone,Corbin,,18,MIN,Minnesota,West,Northwest,Minnesota Timberwolves,Timberwolves
618,Marcus,Liberty,,8,DEN,Denver,West,Northwest,Denver Nuggets,Nuggets
619,Walter,Davis,,8,DEN,Denver,West,Northwest,Denver Nuggets,Nuggets
620,Tyrone,Hill,,10,GSW,Golden State,West,Pacific,Golden State Warriors,Warriors
621,Alec,Kessler,,16,MIA,Miami,East,Southeast,Miami Heat,Heat
622,Terry,Davis,,16,MIA,Miami,East,Southeast,Miami Heat,Heat
623,Larry,Robinson,,30,WAS,Washington,East,Southeast,Washington Wizards,Wizards
624,Sidney,Moncrief,,1,ATL,Atlanta,East,Southeast,Atlanta Hawks,Hawks
625,Jeff,Turner,,22,ORL,Orlando,East,Southeast,Orlando Magic,Magic
626,Scott,Hastings,,9,DET,Detroit,East,Central,Detroit Pistons,Pistons
627,Alvin,Robertson,,17,MIL,Milwaukee,East,Central,Milwaukee Bucks,Bucks
628,Steve,Henson,,17,MIL,Milwaukee,East,Central,Milwaukee Bucks,Bucks
629,Andy,Toolson,,29,UTA,Utah,West,Northwest,Utah Jazz,Jazz
630,Thurl,Bailey,,29,UTA,Utah,West,Northwest,Utah Jazz,Jazz
631,Kurt,Rambis,,24,PHX,Phoenix,West,Pacific,Phoenix Suns,Suns
632,Clyde,Drexler,,25,POR,Portland,West,Northwest,Portland Trail Blazers,Trail Blazers
633,David,Wood,,11,HOU,Houston,West,Southwest,Houston Rockets,Rockets
634,Sam,Mitchell,,18,MIN,Minnesota,West,Northwest,Minnesota Timberwolves,Timberwolves
635,Rodney,McCray,,7,DAL,Dallas,West,Southwest,Dallas Mavericks,Mavericks
636,Blair,Rasmussen,,8,DEN,Denver,West,Northwest,Denver Nuggets,Nuggets
637,Kevin,Pritchard,,10,GSW,Golden State,West,Pacific,Golden State Warriors,Warriors
638,Milt,Wagner,,16,MIA,Miami,East,Southeast,Miami Heat,Heat
639,Bernard,King,,30,WAS,Washington,East,Southeast,Washington Wizards,Wizards
640,Roy,Hinson,,3,BKN,Brooklyn,East,Atlantic,Brooklyn Nets,Nets
641,Matt,Bullard,,11,HOU,Houston,West,Southwest,Houston Rockets,Rockets
642,Alan,Ogg,,16,MIA,Miami,East,Southeast,Miami Heat,Heat
643,Kevin,Lynch,,4,CHA,Charlotte,East,Southeast,Charlotte Hornets,Hornets
644,Larry,Krystkowiak,,17,MIL,Milwaukee,East,Central,Milwaukee Bucks,Bucks
645,Pete,Chilcutt,,26,SAC,Sacramento,West,Pacific,Sacramento Kings,Kings
646,Randy,Brown,,26,SAC,Sacramento,West,Pacific,Sacramento Kings,Kings
647,Elliot,Perry,,13,LAC,LA,West,Pacific,LA Clippers,Clippers
648,Jimmy,Oliver,,6,CLE,Cleveland,East,Central,Cleveland Cavaliers,Cavaliers
649,Terrell,Brandon,,6,CLE,Cleveland,East,Central,Cleveland Cavaliers,Cavaliers
650,Greg,Sutton,,27,SAS,San Antonio,West,Southwest,San Antonio Spurs,Spurs
651,Tom,Copa,,27,SAS,San Antonio,West,Southwest,San Antonio Spurs,Spurs
652,Donald,Hodge,,7,DAL,Dallas,West,Southwest,Dallas Mavericks,Mavericks
653,Joao,Vianna,,7,DAL,Dallas,West,Southwest,Dallas Mavericks,Mavericks
654,Mike,Iuzzolino,,7,DAL,Dallas,West,Southwest,Dallas Mavericks,Mavericks
655,Greg,Anthony,,20,NYK,New York,East,Atlantic,New York Knicks,Knicks
656,Albert,King,,30,WAS,Washington,East,Southeast,Washington Wizards,Wizards
657,Tellis,Frank,,18,MIN,Minnesota,West,Northwest,Minnesota Timberwolves,Timberwolves
658,David,Benoit,,29,UTA,Utah,West,Northwest,Utah Jazz,Jazz
659,Demetrius,Calip,,14,LAL,Los Angeles,West,Pacific,Los Angeles Lakers,Lakers
660,Dikembe,Mutombo,,8,DEN,Denver,West,Northwest,Denver Nuggets,Nuggets
661,Mark,Macon,,8,DEN,Denver,West,Northwest,Denver Nuggets,Nuggets
662,Chris,Gatling,,10,GSW,Golden State,West,Pacific,Golden State Warriors,Warriors
663,Victor,Alexander,,10,GSW,Golden State,West,Pacific,Golden State Warriors,Warriors
664,Mark,Randall,,5,CHI,Chicago,East,Central,Chicago Bulls,Bulls
665,Mitchell,Wiggins,,23,PHI,Philadelphia,East,Atlantic,Philadelphia 76ers,76ers
666,Tharon,Mayes,,23,PHI,Philadelphia,East,Atlantic,Philadelphia 76ers,76ers
667,Charles,Thomas,,9,DET,Detroit,East,Central,Detroit Pistons,Pistons
668,Robert,Pack,,25,POR,Portland,West,Northwest,Portland Trail Blazers,Trail Blazers
669,John,Bagley,,2,BOS,Boston,East,Atlantic,Boston Celtics,Celtics
670,Rick,Fox,,2,BOS,Boston,East,Atlantic,Boston Celtics,Celtics
671,Larry,Johnson,,4,CHA,Charlotte,East,Southeast,Charlotte Hornets,Hornets
672,Alexander,Volkov,,1,ATL,Atlanta,East,Southeast,Atlanta Hawks,Hawks
673,Stacey,Augmon,,1,ATL,Atlanta,East,Southeast,Atlanta Hawks,Hawks
674,Carl,Thomas,,26,SAC,Sacramento,West,Pacific,Sacramento Kings,Kings
675,Steven,Smith,,16,MIA,Miami,East,Southeast,Miami Heat,Heat
676,Stanley,Roberts,,22,ORL,Orlando,East,Southeast,Orlando Magic,Magic
677,Doug,Lee,,3,BKN,Brooklyn,East,Atlantic,Brooklyn Nets,Nets
678,Rafael,Addison,,3,BKN,Brooklyn,East,Atlantic,Brooklyn Nets,Nets
679,Sean,Green,,12,IND,Indiana,East,Central,Indiana Pacers,Pacers
680,Corey,Crowder,,29,UTA,Utah,West,Northwest,Utah Jazz,Jazz
681,Eric,Murdock,,29,UTA,Utah,West,Northwest,Utah Jazz,Jazz
682,Kevin,Brooks,,8,DEN,Denver,West,Northwest,Denver Nuggets,Nuggets
683,Carlton,McKinney,,20,NYK,New York,East,Atlantic,New York Knicks,Knicks
684,Billy,Owens,,10,GSW,Golden State,West,Pacific,Golden State Warriors,Warriors
685,Doug,Smith,,7,DAL,Dallas,West,Southwest,Dallas Mavericks,Mavericks
686,Marty,Conlon,,21,OKC,Oklahoma City,West,Northwest,Oklahoma City Thunder,Thunder
687,Rich,King,,21,OKC,Oklahoma City,West,Northwest,Oklahoma City Thunder,Thunder
688,Brad,Sellers,,9,DET,Detroit,East,Central,Detroit Pistons,Pistons
689,Rodney,Monroe,,1,ATL,Atlanta,East,Southeast,Atlanta Hawks,Hawks
690,Lanard,Copeland,,13,LAC,LA,West,Pacific,LA Clippers,Clippers
691,LeRon,Ellis,,13,LAC,LA,West,Pacific,LA Clippers,Clippers
692,Larry,Stewart,,30,WAS,Washington,East,Southeast,Washington Wizards,Wizards
693,John,Turner,,11,HOU,Houston,West,Southwest,Houston Rockets,Rockets
694,Charles,Shackleford,,23,PHI,Philadelphia,East,Atlantic,Philadelphia 76ers,76ers
695,Keith,Owens,,14,LAL,Los Angeles,West,Pacific,Los Angeles Lakers,Lakers
696,Paul,Graham,,1,ATL,Atlanta,East,Southeast,Atlanta Hawks,Hawks
697,Kenny,Anderson,,3,BKN,Brooklyn,East,Atlantic,Brooklyn Nets,Nets
698,Carl,Herrera,,11,HOU,Houston,West,Southwest,Houston Rockets,Rockets
699,Myron,Brown,,18,MIN,Minnesota,West,Northwest,Minnesota Timberwolves,Timberwolves
700,Dale,Davis,,12,IND,Indiana,East,Central,Indiana Pacers,Pacers
701,Labradford,Smith,,30,WAS,Washington,East,Southeast,Washington Wizards,Wizards
702,Bison,Dele,,22,ORL,Orlando,East,Southeast,Orlando Magic,Magic
703,Chuck,Nevitt,,5,CHI,Chicago,East,Central,Chicago Bulls,Bulls
704,Patrick,Eddie,,20,NYK,New York,East,Atlantic,New York Knicks,Knicks
705,David,Rivers,,13,LAC,LA,West,Pacific,LA Clippers,Clippers
706,Luc,Longley,,18,MIN,Minnesota,West,Northwest,Minnesota Timberwolves,Timberwolves
707,Bob,McCann,,9,DET,Detroit,East,Central,Detroit Pistons,Pistons
708,Donald,Royal,,27,SAS,San Antonio,West,Southwest,San Antonio Spurs,Spurs
709,Anthony,Bowie,,22,ORL,Orlando,East,Southeast,Orlando Magic,Magic
710,Chris,Corchiani,,22,ORL,Orlando,East,Southeast,Orlando Magic,Magic
711,Stephen,Thompson,,22,ORL,Orlando,East,Southeast,Orlando Magic,Magic
712,Jeff,Ruland,,23,PHI,Philadelphia,East,Atlantic,Philadelphia 76ers,76ers
713,Ronnie,Grandison,,4,CHA,Charlotte,East,Southeast,Charlotte Hornets,Hornets
714,Lamont,Strothers,,25,POR,Portland,West,Northwest,Portland Trail Blazers,Trail Blazers
715,Tracy,Moore,,7,DAL,Dallas,West,Southwest,Dallas Mavericks,Mavericks
716,Jaren,Jackson,,10,GSW,Golden State,West,Pacific,Golden State Warriors,Warriors
717,Ennis,Whatley,,25,POR,Portland,West,Northwest,Portland Trail Blazers,Trail Blazers
718,Brian,Howard,,7,DAL,Dallas,West,Southwest,Dallas Mavericks,Mavericks
719,Steve,Burtt,,24,PHX,Phoenix,West,Pacific,Phoenix Suns,Suns
720,Cedric,Hunter,,4,CHA,Charlotte,East,Southeast,Charlotte Hornets,Hornets
721,Stephen,Bardo,,27,SAS,San Antonio,West,Southwest,San Antonio Spurs,Spurs
722,Cliff,T. Robinson,,14,LAL,Los Angeles,West,Pacific,Los Angeles Lakers,Lakers
723,Derek,Strong,,30,WAS,Washington,East,Southeast,Washington Wizards,Wizards
724,Bobby,Phills,,6,CLE,Cleveland,East,Central,Cleveland Cavaliers,Cavaliers
725,Anthony,Avent,,17,MIL,Milwaukee,East,Central,Milwaukee Bucks,Bucks
726,Lee,Mayberry,,17,MIL,Milwaukee,East,Central,Milwaukee Bucks,Bucks
727,Todd,Day,,17,MIL,Milwaukee,East,Central,Milwaukee Bucks,Bucks
728,Tony,Bennett,,4,CHA,Charlotte,East,Southeast,Charlotte Hornets,Hornets
729,Brent,Price,,30,WAS,Washington,East,Southeast,Washington Wizards,Wizards
730,Don,MacLean,,30,WAS,Washington,East,Southeast,Washington Wizards,Wizards
731,Tom,Gugliotta,,30,WAS,Washington,East,Southeast,Washington Wizards,Wizards
732,Walt,Williams,,26,SAC,Sacramento,West,Pacific,Sacramento Kings,Kings
733,Lloyd,Daniels,,27,SAS,San Antonio,West,Southwest,San Antonio Spurs,Spurs
734,Vinny,Del Negro,,27,SAS,San Antonio,West,Southwest,San Antonio Spurs,Spurs
735,Shaquille,O'Neal,,22,ORL,Orlando,East,Southeast,Orlando Magic,Magic
736,Adam,Keefe,,1,ATL,Atlanta,East,Southeast,Atlanta Hawks,Hawks
737,Clar.,Weatherspoon,,23,PHI,Philadelphia,East,Atlantic,Philadelphia 76ers,76ers
738,Robert,Horry,,11,HOU,Houston,West,Southwest,Houston Rockets,Rockets
739,Chris,Smith,,18,MIN,Minnesota,West,Northwest,Minnesota Timberwolves,Timberwolves
740,Christian,Laettner,,18,MIN,Minnesota,West,Northwest,Minnesota Timberwolves,Timberwolves
741,Gundars,Vetra,,18,MIN,Minnesota,West,Northwest,Minnesota Timberwolves,Timberwolves
742,Corey,Williams,,5,CHI,Chicago,East,Central,Chicago Bulls,Bulls
743,Elmore,Spencer,,13,LAC,LA,West,Pacific,LA Clippers,Clippers
744,Anthony,Peeler,,14,LAL,Los Angeles,West,Pacific,Los Angeles Lakers,Lakers
745,Duane,Cooper,,14,LAL,Los Angeles,West,Pacific,Los Angeles Lakers,Lakers
746,John,Crotty,,29,UTA,Utah,West,Northwest,Utah Jazz,Jazz
747,Stephen,Howard,,29,UTA,Utah,West,Northwest,Utah Jazz,Jazz
748,Byron,Houston,,10,GSW,Golden State,West,Pacific,Golden State Warriors,Warriors
749,Keith,Jennings,,10,GSW,Golden State,West,Pacific,Golden State Warriors,Warriors
750,Latrell,Sprewell,,10,GSW,Golden State,West,Pacific,Golden State Warriors,Warriors
751,Bryant,Stith,,8,DEN,Denver,West,Northwest,Denver Nuggets,Nuggets
752,LaPhonso,Ellis,,8,DEN,Denver,West,Northwest,Denver Nuggets,Nuggets
753,Matt,Othick,,27,SAS,San Antonio,West,Southwest,San Antonio Spurs,Spurs
754,Sam,Mack,,27,SAS,San Antonio,West,Southwest,San Antonio Spurs,Spurs
755,Anthony,Pullard,,17,MIL,Milwaukee,East,Central,Milwaukee Bucks,Bucks
756,Malik,Sealy,,12,IND,Indiana,East,Central,Indiana Pacers,Pacers
757,Hubert,Davis,,20,NYK,New York,East,Atlantic,New York Knicks,Knicks
758,Sean,Rooks,,7,DAL,Dallas,West,Southwest,Dallas Mavericks,Mavericks
759,Walter,Bond,,7,DAL,Dallas,West,Southwest,Dallas Mavericks,Mavericks
760,Harold,Miner,,16,MIA,Miami,East,Southeast,Miami Heat,Heat
761,Oliver,Miller,,24,PHX,Phoenix,West,Pacific,Phoenix Suns,Suns
762,Lorenzo,Williams,,4,CHA,Charlotte,East,Southeast,Charlotte Hornets,Hornets
763,Dave,Johnson,,25,POR,Portland,West,Northwest,Portland Trail Blazers,Trail Blazers
764,Reggie,Smith,,25,POR,Portland,West,Northwest,Portland Trail Blazers,Trail Blazers
765,Tracy,Murray,,25,POR,Portland,West,Northwest,Portland Trail Blazers,Trail Blazers
766,Robert,Werdann,,8,DEN,Denver,West,Northwest,Denver Nuggets,Nuggets
767,Alex,Stivrins,,24,PHX,Phoenix,West,Pacific,Phoenix Suns,Suns
768,Frank,Johnson,,24,PHX,Phoenix,West,Pacific,Phoenix Suns,Suns
769,Randy,Woods,,13,LAC,LA,West,Pacific,LA Clippers,Clippers
770,Litterial,Green,,22,ORL,Orlando,East,Southeast,Orlando Magic,Magic
771,Alonzo,Mourning,,4,CHA,Charlotte,East,Southeast,Charlotte Hornets,Hornets
772,Alex,Blackwell,,14,LAL,Los Angeles,West,Pacific,Los Angeles Lakers,Lakers
773,Isaiah,Morris,,9,DET,Detroit,East,Central,Detroit Pistons,Pistons
774,Doug,Overton,,30,WAS,Washington,East,Southeast,Washington Wizards,Wizards
775,Eric,Anderson,,20,NYK,New York,East,Atlantic,New York Knicks,Knicks
776,Tim,Kempton,,24,PHX,Phoenix,West,Pacific,Phoenix Suns,Suns
777,Stan,Kimbrough,,26,SAC,Sacramento,West,Pacific,Sacramento Kings,Kings
778,Jay,Guidinger,,6,CLE,Cleveland,East,Central,Cleveland Cavaliers,Cavaliers
779,Gary,Plummer,,8,DEN,Denver,West,Northwest,Denver Nuggets,Nuggets
780,Matt,Geiger,,16,MIA,Miami,East,Southeast,Miami Heat,Heat
781,Marcus,Webb,,2,BOS,Boston,East,Atlantic,Boston Celtics,Celtics
782,Jojo,English,,5,CHI,Chicago,East,Central,Chicago Bulls,Bulls
783,Marlon,Maxey,,18,MIN,Minnesota,West,Northwest,Minnesota Timberwolves,Timberwolves
784,Jon,Barry,,17,MIL,Milwaukee,East,Central,Milwaukee Bucks,Bucks
785,Richard,Dumas,,24,PHX,Phoenix,West,Pacific,Phoenix Suns,Suns
786,Radisav,Curcic,,7,DAL,Dallas,West,Southwest,Dallas Mavericks,Mavericks
787,Andre,Spencer,,1,ATL,Atlanta,East,Southeast,Atlanta Hawks,Hawks
788,Dexter,Cambridge,,7,DAL,Dallas,West,Southwest,Dallas Mavericks,Mavericks
789,Joe,Courtney,,5,CHI,Chicago,East,Central,Chicago Bulls,Bulls
790,Duane,Washington,,13,LAC,LA,West,Pacific,LA Clippers,Clippers
791,Melvin,Newbern,,9,DET,Detroit,East,Central,Detroit Pistons,Pistons
792,Ricky,Blanton,,5,CHI,Chicago,East,Central,Chicago Bulls,Bulls
793,Jim,Jackson,,7,DAL,Dallas,West,Southwest,Dallas Mavericks,Mavericks
794,Barry,Stevens,,10,GSW,Golden State,West,Pacific,Golden State Warriors,Warriors
795,Doug,Christie,,14,LAL,Los Angeles,West,Pacific,Los Angeles Lakers,Lakers
796,Pat,Durham,,10,GSW,Golden State,West,Pacific,Golden State Warriors,Warriors
797,Thomas,Jordan,,23,PHI,Philadelphia,East,Atlantic,Philadelphia 76ers,76ers
798,Gary,Alexander,,16,MIA,Miami,East,Southeast,Miami Heat,Heat
799,Anfernee,Hardaway,,22,ORL,Orlando,East,Southeast,Orlando Magic,Magic
800,Keith,Tower,,22,ORL,Orlando,East,Southeast,Orlando Magic,Magic
801,Chris,Whitney,,27,SAS,San Antonio,West,Southwest,San Antonio Spurs,Spurs
802,Josh,Grant,,10,GSW,Golden State,West,Pacific,Golden State Warriors,Warriors
803,Bobby,Hurley,,26,SAC,Sacramento,West,Pacific,Sacramento Kings,Kings
804,Mike,Peplowski,,26,SAC,Sacramento,West,Pacific,Sacramento Kings,Kings
805,Darnell,Mee,,8,DEN,Denver,West,Northwest,Denver Nuggets,Nuggets
806,Rodney,Rogers,,8,DEN,Denver,West,Northwest,Denver Nuggets,Nuggets
807,Acie,Earl,,2,BOS,Boston,East,Atlantic,Boston Celtics,Celtics
808,Dino,Radja,,2,BOS,Boston,East,Atlantic,Boston Celtics,Celtics
809,Chris,Mills,,6,CLE,Cleveland,East,Central,Cleveland Cavaliers,Cavaliers
810,Vin,Baker,,17,MIL,Milwaukee,East,Central,Milwaukee Bucks,Bucks
811,Antonio,Harvey,,14,LAL,Los Angeles,West,Pacific,Los Angeles Lakers,Lakers
812,Nick,Van Exel,,14,LAL,Los Angeles,West,Pacific,Los Angeles Lakers,Lakers
813,Terry,Dehere,,13,LAC,LA,West,Pacific,LA Clippers,Clippers
814,James,Robinson,,25,POR,Portland,West,Northwest,Portland Trail Blazers,Trail Blazers
815,Corie,Blount,,5,CHI,Chicago,East,Central,Chicago Bulls,Bulls
816,Toni,Kukoc,,5,CHI,Chicago,East,Central,Chicago Bulls,Bulls
817,Michael,Curry,,23,PHI,Philadelphia,East,Atlantic,Philadelphia 76ers,76ers
818,Shawn,Bradley,,23,PHI,Philadelphia,East,Atlantic,Philadelphia 76ers,76ers
819,Warren,Kidd,,23,PHI,Philadelphia,East,Atlantic,Philadelphia 76ers,76ers
820,Calbert,Cheaney,,30,WAS,Washington,East,Southeast,Washington Wizards,Wizards
821,Mitchell,Butler,,30,WAS,Washington,East,Southeast,Washington Wizards,Wizards
822,Tito,Horford,,30,WAS,Washington,East,Southeast,Washington Wizards,Wizards
823,Bryon,Russell,,29,UTA,Utah,West,Northwest,Utah Jazz,Jazz
824,Luther,Wright,,29,UTA,Utah,West,Northwest,Utah Jazz,Jazz
825,Darren,Morningstar,,7,DAL,Dallas,West,Southwest,Dallas Mavericks,Mavericks
826,Jamal,Mashburn,,7,DAL,Dallas,West,Southwest,Dallas Mavericks,Mavericks
827,Lucious,Harris,,7,DAL,Dallas,West,Southwest,Dallas Mavericks,Mavericks
828,Popeye,Jones,,7,DAL,Dallas,West,Southwest,Dallas Mavericks,Mavericks
829,Eric,Riley,,11,HOU,Houston,West,Southwest,Houston Rockets,Rockets
830,Sam,Cassell,,11,HOU,Houston,West,Southwest,Houston Rockets,Rockets
831,P.J.,Brown,,3,BKN,Brooklyn,East,Atlantic,Brooklyn Nets,Nets
832,Rex,Walters,,3,BKN,Brooklyn,East,Atlantic,Brooklyn Nets,Nets
833,Antonio,Davis,,12,IND,Indiana,East,Central,Indiana Pacers,Pacers
834,Allan,Houston,,9,DET,Detroit,East,Central,Detroit Pistons,Pistons
835,Lindsey,Hunter,,9,DET,Detroit,East,Central,Detroit Pistons,Pistons
836,Brian,Davis,,18,MIN,Minnesota,West,Northwest,Minnesota Timberwolves,Timberwolves
837,Isaiah,Rider,,18,MIN,Minnesota,West,Northwest,Minnesota Timberwolves,Timberwolves
838,Matt,Wenstrom,,2,BOS,Boston,East,Atlantic,Boston Celtics,Celtics
839,Scott,Haskin,,12,IND,Indiana,East,Central,Indiana Pacers,Pacers
840,Gerald,Madkins,,6,CLE,Cleveland,East,Central,Cleveland Cavaliers,Cavaliers
841,Greg,Graham,,23,PHI,Philadelphia,East,Atlantic,Philadelphia 76ers,76ers
842,Ervin,Johnson,,21,OKC,Oklahoma City,West,Northwest,Oklahoma City Thunder,Thunder
843,George,Lynch,,14,LAL,Los Angeles,West,Pacific,Los Angeles Lakers,Lakers
844,Bob,Martin,,13,LAC,LA,West,Pacific,LA Clippers,Clippers
845,Ricky,Grace,,1,ATL,Atlanta,East,Southeast,Atlanta Hawks,Hawks
846,Sedric,Toney,,6,CLE,Cleveland,East,Central,Cleveland Cavaliers,Cavaliers
847,Chris,Webber,,10,GSW,Golden State,West,Pacific,Golden State Warriors,Warriors
848,Gheorghe,Muresan,,30,WAS,Washington,East,Southeast,Washington Wizards,Wizards
849,Richard,Petruska,,11,HOU,Houston,West,Southwest,Houston Rockets,Rockets
850,Kevin,Thompson,,25,POR,Portland,West,Northwest,Portland Trail Blazers,Trail Blazers
851,Adonis,Jordan,,8,DEN,Denver,West,Northwest,Denver Nuggets,Nuggets
852,Scott,Burrell,,4,CHA,Charlotte,East,Southeast,Charlotte Hornets,Hornets
853,Dell,Demps,,10,GSW,Golden State,West,Pacific,Golden State Warriors,Warriors
854,Evers,Burns,,26,SAC,Sacramento,West,Pacific,Sacramento Kings,Kings
855,Aaron,Williams,,29,UTA,Utah,West,Northwest,Utah Jazz,Jazz
856,Stanley,Jackson,,18,MIN,Minnesota,West,Northwest,Minnesota Timberwolves,Timberwolves
857,David,Wesley,,3,BKN,Brooklyn,East,Atlantic,Brooklyn Nets,Nets
858,Chris,King,,21,OKC,Oklahoma City,West,Northwest,Oklahoma City Thunder,Thunder
859,Doug,Edwards,,1,ATL,Atlanta,East,Southeast,Atlanta Hawks,Hawks
860,Harold,Ellis,,13,LAC,LA,West,Pacific,LA Clippers,Clippers
861,Malcolm,Mackey,,24,PHX,Phoenix,West,Pacific,Phoenix Suns,Suns
862,Ben,Coleman,,9,DET,Detroit,East,Central,Detroit Pistons,Pistons
863,Roy,Marble,,8,DEN,Denver,West,Northwest,Denver Nuggets,Nuggets
864,Reggie,Jordan,,14,LAL,Los Angeles,West,Pacific,Los Angeles Lakers,Lakers
865,Chad,Gallagher,,29,UTA,Utah,West,Northwest,Utah Jazz,Jazz
866,Bo,Outlaw,,13,LAC,LA,West,Pacific,LA Clippers,Clippers
867,Bill,Edwards,,23,PHI,Philadelphia,East,Atlantic,Philadelphia 76ers,76ers
868,Andrew,Gaze,,30,WAS,Washington,East,Southeast,Washington Wizards,Wizards
869,Alphonso,Ford,,21,OKC,Oklahoma City,West,Northwest,Oklahoma City Thunder,Thunder
870,Andres,Guibert,,18,MIN,Minnesota,West,Northwest,Minnesota Timberwolves,Timberwolves
871,Skeeter,Henry,,24,PHX,Phoenix,West,Pacific,Phoenix Suns,Suns
872,Chris,Jent,,11,HOU,Houston,West,Southwest,Houston Rockets,Rockets
873,Geert,Hammink,,22,ORL,Orlando,East,Southeast,Orlando Magic,Magic
874,Jalen,Rose,,8,DEN,Denver,West,Northwest,Denver Nuggets,Nuggets
875,Reggie,Slater,,8,DEN,Denver,West,Northwest,Denver Nuggets,Nuggets
876,Askia,Jones,,18,MIN,Minnesota,West,Northwest,Minnesota Timberwolves,Timberwolves
877,Donyell,Marshall,,18,MIN,Minnesota,West,Northwest,Minnesota Timberwolves,Timberwolves
878,Howard,Eisley,,18,MIN,Minnesota,West,Northwest,Minnesota Timberwolves,Timberwolves
879,Grant,Hill,,9,DET,Detroit,East,Central,Detroit Pistons,Pistons
880,Anthony,Miller,,14,LAL,Los Angeles,West,Pacific,Los Angeles Lakers,Lakers
881,Eddie,Jones,,14,LAL,Los Angeles,West,Pacific,Los Angeles Lakers,Lakers
882,Dickey,Simpkins,,5,CHI,Chicago,East,Central,Chicago Bulls,Bulls
883,Eric,Piatkowski,,13,LAC,LA,West,Pacific,LA Clippers,Clippers
884,Lamond,Murray,,13,LAC,LA,West,Pacific,LA Clippers,Clippers
885,Matt,Fish,,13,LAC,LA,West,Pacific,LA Clippers,Clippers
886,Aaron,McKie,,25,POR,Portland,West,Northwest,Portland Trail Blazers,Trail Blazers
887,Eric,Montross,,2,BOS,Boston,East,Atlantic,Boston Celtics,Celtics
888,Fred,Vinson,,1,ATL,Atlanta,East,Southeast,Atlanta Hawks,Hawks
889,Tom,Hovasse,,1,ATL,Atlanta,East,Southeast,Atlanta Hawks,Hawks
890,Jamie,Watson,,29,UTA,Utah,West,Northwest,Utah Jazz,Jazz
891,Khalid,Reeves,,16,MIA,Miami,East,Southeast,Miami Heat,Heat
892,Brian,Grant,,26,SAC,Sacramento,West,Pacific,Sacramento Kings,Kings
893,Henry,Turner,,26,SAC,Sacramento,West,Pacific,Sacramento Kings,Kings
894,Michael,Smith,,26,SAC,Sacramento,West,Pacific,Sacramento Kings,Kings
895,Antonio,Lang,,24,PHX,Phoenix,West,Pacific,Phoenix Suns,Suns
896,Wesley,Person,,24,PHX,Phoenix,West,Pacific,Phoenix Suns,Suns
897,B.J.,Tyler,,23,PHI,Philadelphia,East,Atlantic,Philadelphia 76ers,76ers
898,Derrick,Alston,,23,PHI,Philadelphia,East,Atlantic,Philadelphia 76ers,76ers
899,Sharone,Wright,,23,PHI,Philadelphia,East,Atlantic,Philadelphia 76ers,76ers
900,Eric,Mobley,,17,MIL,Milwaukee,East,Central,Milwaukee Bucks,Bucks
901,Darrin,Hancock,,4,CHA,Charlotte,East,Southeast,Charlotte Hornets,Hornets
902,Bill,Curley,,9,DET,Detroit,East,Central,Detroit Pistons,Pistons
903,Anthony,Tucker,,30,WAS,Washington,East,Southeast,Washington Wizards,Wizards
904,Tim,Breaux,,11,HOU,Houston,West,Southwest,Houston Rockets,Rockets
905,Zan,Tabak,,11,HOU,Houston,West,Southwest,Houston Rockets,Rockets
906,Brooks,Thompson,,22,ORL,Orlando,East,Southeast,Orlando Magic,Magic
907,Glenn,Robinson,,17,MIL,Milwaukee,East,Central,Milwaukee Bucks,Bucks
908,Jason,Kidd,,7,DAL,Dallas,West,Southwest,Dallas Mavericks,Mavericks
909,Tony,Dumas,,7,DAL,Dallas,West,Southwest,Dallas Mavericks,Mavericks
910,Monty,Williams,,20,NYK,New York,East,Atlantic,New York Knicks,Knicks
911,Carlos,Rogers,,10,GSW,Golden State,West,Pacific,Golden State Warriors,Warriors
912,Sergei,Bazarevich,,1,ATL,Atlanta,East,Southeast,Atlanta Hawks,Hawks
913,Julius,Nwosu,,27,SAS,San Antonio,West,Southwest,San Antonio Spurs,Spurs
914,Trevor,Ruffin,,24,PHX,Phoenix,West,Pacific,Phoenix Suns,Suns
915,Yinka,Dare,,3,BKN,Brooklyn,East,Atlantic,Brooklyn Nets,Nets
916,Greg,Minor,,2,BOS,Boston,East,Atlantic,Boston Celtics,Celtics
917,Clifford,Rozier,,10,GSW,Golden State,West,Pacific,Golden State Warriors,Warriors
918,Charlie,Ward,,20,NYK,New York,East,Atlantic,New York Knicks,Knicks
919,Dontonio,Wingfield,,21,OKC,Oklahoma City,West,Northwest,Oklahoma City Thunder,Thunder
920,Aaron,Swinson,,24,PHX,Phoenix,West,Pacific,Phoenix Suns,Suns
921,Jim,McIlvaine,,30,WAS,Washington,East,Southeast,Washington Wizards,Wizards
922,Juwan,Howard,,30,WAS,Washington,East,Southeast,Washington Wizards,Wizards
923,James,Blackwell,,4,CHA,Charlotte,East,Southeast,Charlotte Hornets,Hornets
924,Ivano,Newbill,,9,DET,Detroit,East,Central,Detroit Pistons,Pistons
925,Dwayne,Morton,,10,GSW,Golden State,West,Pacific,Golden State Warriors,Warriors
926,Chris,Childs,,3,BKN,Brooklyn,East,Atlantic,Brooklyn Nets,Nets
927,Ryan,Lorthridge,,10,GSW,Golden State,West,Pacific,Golden State Warriors,Warriors
928,Elmer,Bennett,,6,CLE,Cleveland,East,Central,Cleveland Cavaliers,Cavaliers
929,Darrick,Martin,,18,MIN,Minnesota,West,Northwest,Minnesota Timberwolves,Timberwolves
930,Jerome,Harmon,,23,PHI,Philadelphia,East,Atlantic,Philadelphia 76ers,76ers
931,Mark,Strickland,,12,IND,Indiana,East,Central,Indiana Pacers,Pacers
932,Eldridge,Recasner,,8,DEN,Denver,West,Northwest,Denver Nuggets,Nuggets
933,Darrell,Armstrong,,22,ORL,Orlando,East,Southeast,Orlando Magic,Magic
934,Derrick,Phelps,,26,SAC,Sacramento,West,Pacific,Sacramento Kings,Kings
935,Cherokee,Parks,,7,DAL,Dallas,West,Southwest,Dallas Mavericks,Mavericks
936,Loren,Meyer,,7,DAL,Dallas,West,Southwest,Dallas Mavericks,Mavericks
937,Charles,Claxton,,2,BOS,Boston,East,Atlantic,Boston Celtics,Celtics
938,Eric,Williams,,2,BOS,Boston,East,Atlantic,Boston Celtics,Celtics
939,Junior,Burrough,,2,BOS,Boston,East,Atlantic,Boston Celtics,Celtics
940,Brent,Barry,,13,LAC,LA,West,Pacific,LA Clippers,Clippers
941,Chris,Carr,,24,PHX,Phoenix,West,Pacific,Phoenix Suns,Suns
942,Michael,Finley,,24,PHX,Phoenix,West,Pacific,Phoenix Suns,Suns
943,Greg,Ostertag,,29,UTA,Utah,West,Northwest,Utah Jazz,Jazz
944,Eric,Snow,,21,OKC,Oklahoma City,West,Northwest,Oklahoma City Thunder,Thunder
945,Sherell,Ford,,21,OKC,Oklahoma City,West,Northwest,Oklahoma City Thunder,Thunder
946,Jerry,Stackhouse,,23,PHI,Philadelphia,East,Atlantic,Philadelphia 76ers,76ers
947,Jeff,Webster,,30,WAS,Washington,East,Southeast,Washington Wizards,Wizards
948,Rasheed,Wallace,,30,WAS,Washington,East,Southeast,Washington Wizards,Wizards
949,Arvydas,Sabonis,,25,POR,Portland,West,Northwest,Portland Trail Blazers,Trail Blazers
950,Gary,Trent,,25,POR,Portland,West,Northwest,Portland Trail Blazers,Trail Blazers
951,Randolph,Childress,,25,POR,Portland,West,Northwest,Portland Trail Blazers,Trail Blazers
952,Bryant,Reeves,,15,MEM,Memphis,West,Southwest,Memphis Grizzlies,Grizzlies
953,Lawrence,Moten,,15,MEM,Memphis,West,Southwest,Memphis Grizzlies,Grizzlies
954,Jason,Caffey,,5,CHI,Chicago,East,Central,Chicago Bulls,Bulls
955,George,Zidek,,4,CHA,Charlotte,East,Southeast,Charlotte Hornets,Hornets
956,Alvin,Heggs,,11,HOU,Houston,West,Southwest,Houston Rockets,Rockets
957,Joe,Smith,,10,GSW,Golden State,West,Pacific,Golden State Warriors,Warriors
958,Alan,Henderson,,1,ATL,Atlanta,East,Southeast,Atlanta Hawks,Hawks
959,Travis,Best,,12,IND,Indiana,East,Central,Indiana Pacers,Pacers
960,Damon,Stoudamire,,28,TOR,Toronto,East,Atlantic,Toronto Raptors,Raptors
961,Jimmy,King,,28,TOR,Toronto,East,Atlantic,Toronto Raptors,Raptors
962,Ed,O'Bannon,,3,BKN,Brooklyn,East,Atlantic,Brooklyn Nets,Nets
963,Lou,Roe,,9,DET,Detroit,East,Central,Detroit Pistons,Pistons
964,Theo,Ratliff,,9,DET,Detroit,East,Central,Detroit Pistons,Pistons
965,Antonio,McDyess,,8,DEN,Denver,West,Northwest,Denver Nuggets,Nuggets
966,Bob,Sura,,6,CLE,Cleveland,East,Central,Cleveland Cavaliers,Cavaliers
967,Donny,Marshall,,6,CLE,Cleveland,East,Central,Cleveland Cavaliers,Cavaliers
968,John,Amaechi,,6,CLE,Cleveland,East,Central,Cleveland Cavaliers,Cavaliers
969,Tyus,Edney,,26,SAC,Sacramento,West,Pacific,Sacramento Kings,Kings
970,Jerome,Allen,,18,MIN,Minnesota,West,Northwest,Minnesota Timberwolves,Timberwolves
971,Kevin,Garnett,,18,MIN,Minnesota,West,Northwest,Minnesota Timberwolves,Timberwolves
972,Mark,Davis,,18,MIN,Minnesota,West,Northwest,Minnesota Timberwolves,Timberwolves
973,Marques,Bragg,,18,MIN,Minnesota,West,Northwest,Minnesota Timberwolves,Timberwolves
974,Shawn,Respert,,17,MIL,Milwaukee,East,Central,Milwaukee Bucks,Bucks
975,Fred,Hoiberg,,12,IND,Indiana,East,Central,Indiana Pacers,Pacers
976,Frankie,King,,14,LAL,Los Angeles,West,Pacific,Los Angeles Lakers,Lakers
977,Don,Reid,,9,DET,Detroit,East,Central,Detroit Pistons,Pistons
978,Kurt,Thomas,,16,MIA,Miami,East,Southeast,Miami Heat,Heat
979,Sasha,Danilovic,,16,MIA,Miami,East,Southeast,Miami Heat,Heat
980,Terrence,Rencher,,16,MIA,Miami,East,Southeast,Miami Heat,Heat
981,Cory,Alexander,,27,SAS,San Antonio,West,Southwest,San Antonio Spurs,Spurs
982,Howard,Nathan,,1,ATL,Atlanta,East,Southeast,Atlanta Hawks,Hawks
983,Todd,Mundt,,1,ATL,Atlanta,East,Southeast,Atlanta Hawks,Hawks
984,David,Vaughn,,22,ORL,Orlando,East,Southeast,Orlando Magic,Magic
985,Log,Vander Velden,,13,LAC,LA,West,Pacific,LA Clippers,Clippers
986,Ashraf,Amaya,,15,MEM,Memphis,West,Southwest,Memphis Grizzlies,Grizzlies
987,Stefano,Rusconi,,24,PHX,Phoenix,West,Pacific,Phoenix Suns,Suns
988,Larry,Sykes,,2,BOS,Boston,East,Atlantic,Boston Celtics,Celtics
989,Vincenzo,Esposito,,28,TOR,Toronto,East,Atlantic,Toronto Raptors,Raptors
990,Corliss,Williamson,,26,SAC,Sacramento,West,Pacific,Sacramento Kings,Kings
991,Rastko,Cvetkovic,,8,DEN,Denver,West,Northwest,Denver Nuggets,Nuggets
992,Corey,Beck,,4,CHA,Charlotte,East,Southeast,Charlotte Hornets,Hornets
993,Voshon,Lenard,,16,MIA,Miami,East,Southeast,Miami Heat,Heat
994,Anthony,Goldwire,,4,CHA,Charlotte,East,Southeast,Charlotte Hornets,Hornets
995,Andrew,DeClercq,,10,GSW,Golden State,West,Pacific,Golden State Warriors,Warriors
996,Richard,Manning,,15,MEM,Memphis,West,Southwest,Memphis Grizzlies,Grizzlies
997,Clint,McDaniel,,26,SAC,Sacramento,West,Pacific,Sacramento Kings,Kings
998,Martin,Lewis,,28,TOR,Toronto,East,Atlantic,Toronto Raptors,Raptors
999,Dwayne,Whitfield,,28,TOR,Toronto,East,Atlantic,Toronto Raptors,Raptors
1000,Mario,Bennett,,24,PHX,Phoenix,West,Pacific,Phoenix Suns,Suns
1001,Melvin,Booker,,11,HOU,Houston,West,Southwest,Houston Rockets,Rockets
1002,Darryl,Johnson,,6,CLE,Cleveland,East,Central,Cleveland Cavaliers,Cavaliers
1003,John,Coker,,24,PHX,Phoenix,West,Pacific,Phoenix Suns,Suns
1004,Donnie,Boyce,,1,ATL,Atlanta,East,Southeast,Atlanta Hawks,Hawks
1005,Thomas,Hamilton,,2,BOS,Boston,East,Atlantic,Boston Celtics,Celtics
1006,Robert,Churchwell,,10,GSW,Golden State,West,Pacific,Golden State Warriors,Warriors
1007,Cuonzo,Martin,,15,MEM,Memphis,West,Southwest,Memphis Grizzlies,Grizzlies
1008,Cedric,Lewis,,30,WAS,Washington,East,Southeast,Washington Wizards,Wizards
1009,Antoine,Walker,F,2,BOS,Boston,East,Atlantic,Boston Celtics,Celtics
1010,Brett,Szabo,,2,BOS,Boston,East,Atlantic,Boston Celtics,Celtics
1011,Brent,Scott,,12,IND,Indiana,East,Central,Indiana Pacers,Pacers
1012,Erick,Dampier,,12,IND,Indiana,East,Central,Indiana Pacers,Pacers
1013,Jerome,Williams,,9,DET,Detroit,East,Central,Detroit Pistons,Pistons
1014,John,Wallace,,20,NYK,New York,East,Atlantic,New York Knicks,Knicks
1015,Walter,McCarty,,20,NYK,New York,East,Atlantic,New York Knicks,Knicks
1016,Marcus,Camby,,28,TOR,Toronto,East,Atlantic,Toronto Raptors,Raptors
1017,Donald,Whiteside,,28,TOR,Toronto,East,Atlantic,Toronto Raptors,Raptors
1018,Shareef,Abdur-Rahim,F,15,MEM,Memphis,West,Southwest,Memphis Grizzlies,Grizzlies
1019,Roy,Rogers,,15,MEM,Memphis,West,Southwest,Memphis Grizzlies,Grizzlies
1020,Ben,Wallace,,30,WAS,Washington,East,Southeast,Washington Wizards,Wizards
1021,Reggie,Geary,,6,CLE,Cleveland,East,Central,Cleveland Cavaliers,Cavaliers
1022,Vitaly,Potapenko,,6,CLE,Cleveland,East,Central,Cleveland Cavaliers,Cavaliers
1023,Ed,O'Bannon,F,3,BKN,Brooklyn,East,Atlantic,Brooklyn Nets,Nets
1024,Kerry,Kittles,,3,BKN,Brooklyn,East,Atlantic,Brooklyn Nets,Nets
1025,Erick,Strickland,,7,DAL,Dallas,West,Southwest,Dallas Mavericks,Mavericks
1026,Darvin,Ham,,8,DEN,Denver,West,Northwest,Denver Nuggets,Nuggets
1027,Stephon,Marbury,G,18,MIN,Minnesota,West,Northwest,Minnesota Timberwolves,Timberwolves
1028,Shane,Heal,,18,MIN,Minnesota,West,Northwest,Minnesota Timberwolves,Timberwolves
1029,Dean,Garrett,,18,MIN,Minnesota,West,Northwest,Minnesota Timberwolves,Timberwolves
1030,Priest,Lauderdale,,1,ATL,Atlanta,East,Southeast,Atlanta Hawks,Hawks
1031,Ike,Austin,,16,MIA,Miami,East,Southeast,Miami Heat,Heat
1032,Loy,Vaught,F,13,LAC,LA,West,Pacific,LA Clippers,Clippers
1033,Lorenzen,Wright,,13,LAC,LA,West,Pacific,LA Clippers,Clippers
1034,Todd,Fuller,C,10,GSW,Golden State,West,Pacific,Golden State Warriors,Warriors
1035,Ray,Owes,,10,GSW,Golden State,West,Pacific,Golden State Warriors,Warriors
1036,Ray,Allen,G,17,MIL,Milwaukee,East,Central,Milwaukee Bucks,Bucks
1037,Allen,Iverson,G,23,PHI,Philadelphia,East,Atlantic,Philadelphia 76ers,76ers
1038,Mark,Bradtke,,23,PHI,Philadelphia,East,Atlantic,Philadelphia 76ers,76ers
1039,Steve,Nash,,24,PHX,Phoenix,West,Pacific,Phoenix Suns,Suns
1040,Ben,Davis,,24,PHX,Phoenix,West,Pacific,Phoenix Suns,Suns
1041,Derek,Fisher,,14,LAL,Los Angeles,West,Pacific,Los Angeles Lakers,Lakers
1042,Travis,Knight,,14,LAL,Los Angeles,West,Pacific,Los Angeles Lakers,Lakers
1043,Kobe,Bryant,,14,LAL,Los Angeles,West,Pacific,Los Angeles Lakers,Lakers
1044,Matt,Maloney,G,11,HOU,Houston,West,Southwest,Houston Rockets,Rockets
1045,Othella,Harrington,,11,HOU,Houston,West,Southwest,Houston Rockets,Rockets
1046,Randy,Livingston,,11,HOU,Houston,West,Southwest,Houston Rockets,Rockets
1047,Emanual,Davis,,11,HOU,Houston,West,Southwest,Houston Rockets,Rockets
1048,Shandon,Anderson,,29,UTA,Utah,West,Northwest,Utah Jazz,Jazz
1049,Malik,Rose,,4,CHA,Charlotte,East,Southeast,Charlotte Hornets,Hornets
1050,Tony,Delk,,4,CHA,Charlotte,East,Southeast,Charlotte Hornets,Hornets
1051,Jeff,McInnis,,8,DEN,Denver,West,Northwest,Denver Nuggets,Nuggets
1052,Dontae',Jones,,20,NYK,New York,East,Atlantic,New York Knicks,Knicks
1053,Nate,Driggers,,2,BOS,Boston,East,Atlantic,Boston Celtics,Celtics
1054,Samaki,Walker,,7,DAL,Dallas,West,Southwest,Dallas Mavericks,Mavericks
1055,Amal,McCaskill,,22,ORL,Orlando,East,Southeast,Orlando Magic,Magic
1056,James,Scott,,16,MIA,Miami,East,Southeast,Miami Heat,Heat
1057,Mark,Hendrickson,,23,PHI,Philadelphia,East,Atlantic,Philadelphia 76ers,76ers
1058,Aleksandar,Djordjevic,,25,POR,Portland,West,Northwest,Portland Trail Blazers,Trail Blazers
1059,Jermaine,O'Neal,,25,POR,Portland,West,Northwest,Portland Trail Blazers,Trail Blazers
1060,Chris,Robinson,,15,MEM,Memphis,West,Southwest,Memphis Grizzlies,Grizzlies
1061,Kevin,Salvadori,,26,SAC,Sacramento,West,Pacific,Sacramento Kings,Kings
1062,Evric,Gray,,3,BKN,Brooklyn,East,Atlantic,Brooklyn Nets,Nets
1063,Moochie,Norris,,15,MEM,Memphis,West,Southwest,Memphis Grizzlies,Grizzlies
1064,Devin,Gray,,26,SAC,Sacramento,West,Pacific,Sacramento Kings,Kings
1065,Martin,Muursepp,,16,MIA,Miami,East,Southeast,Miami Heat,Heat
1066,Gaylon,Nickerson,,27,SAS,San Antonio,West,Southwest,San Antonio Spurs,Spurs
1067,Marcus,Brown,,25,POR,Portland,West,Northwest,Portland Trail Blazers,Trail Blazers
1068,Robert,Werdann,,3,BKN,Brooklyn,East,Atlantic,Brooklyn Nets,Nets
1069,Ruben,Nembhard,,29,UTA,Utah,West,Northwest,Utah Jazz,Jazz
1070,Jamie,Feick,,4,CHA,Charlotte,East,Southeast,Charlotte Hornets,Hornets
1071,Jason,Sasser,,27,SAS,San Antonio,West,Southwest,San Antonio Spurs,Spurs
1072,Tony,Farmer,,16,MIA,Miami,East,Southeast,Miami Heat,Heat
1073,Shawnelle,Scott,,6,CLE,Cleveland,East,Central,Cleveland Cavaliers,Cavaliers
1074,Brian,Evans,,22,ORL,Orlando,East,Southeast,Orlando Magic,Magic
1075,Steve,Hamer,,2,BOS,Boston,East,Atlantic,Boston Celtics,Celtics
1076,Dexter,Boney,,24,PHX,Phoenix,West,Pacific,Phoenix Suns,Suns
1077,Michael,Hawkins,,2,BOS,Boston,East,Atlantic,Boston Celtics,Celtics
1078,Joe,Stephens,,11,HOU,Houston,West,Southwest,Houston Rockets,Rockets
1079,Horacio,Llamas,,24,PHX,Phoenix,West,Pacific,Phoenix Suns,Suns
1080,Jimmy,Carruth,,17,MIL,Milwaukee,East,Central,Milwaukee Bucks,Bucks
1081,Bruce,Bowen,,16,MIA,Miami,East,Southeast,Miami Heat,Heat
1082,Stevin,Smith,,7,DAL,Dallas,West,Southwest,Dallas Mavericks,Mavericks
1083,Matt,Steigenga,,5,CHI,Chicago,East,Central,Chicago Bulls,Bulls
1084,Kevin,Ollie,,7,DAL,Dallas,West,Southwest,Dallas Mavericks,Mavericks
1085,Bubba,Wells,,7,DAL,Dallas,West,Southwest,Dallas Mavericks,Mavericks
1086,Antonio,Daniels,G,15,MEM,Memphis,West,Southwest,Memphis Grizzlies,Grizzlies
1087,Tracy,McGrady,,28,TOR,Toronto,East,Atlantic,Toronto Raptors,Raptors
1088,Chris,Garner,,28,TOR,Toronto,East,Atlantic,Toronto Raptors,Raptors
1089,Tim,Duncan,F,27,SAS,San Antonio,West,Southwest,San Antonio Spurs,Spurs
1090,Tony,Battie,F,8,DEN,Denver,West,Northwest,Denver Nuggets,Nuggets
1091,Bobby,Jackson,G,8,DEN,Denver,West,Northwest,Denver Nuggets,Nuggets
1092,Danny,Fortson,,8,DEN,Denver,West,Northwest,Denver Nuggets,Nuggets
1093,Eric,Washington,,8,DEN,Denver,West,Northwest,Denver Nuggets,Nuggets
1094,Etdrick,Bohannon,,12,IND,Indiana,East,Central,Indiana Pacers,Pacers
1095,Mark,Pope,,12,IND,Indiana,East,Central,Indiana Pacers,Pacers
1096,Ron,Mercer,G,2,BOS,Boston,East,Atlantic,Boston Celtics,Celtics
1097,Chauncey,Billups,,2,BOS,Boston,East,Atlantic,Boston Celtics,Celtics
1098,John,Thomas,,2,BOS,Boston,East,Atlantic,Boston Celtics,Celtics
1099,Kelvin,Cato,,25,POR,Portland,West,Northwest,Portland Trail Blazers,Trail Blazers
1100,Alvin,Williams,,25,POR,Portland,West,Northwest,Portland Trail Blazers,Trail Blazers
1101,Maurice,Taylor,,13,LAC,LA,West,Pacific,LA Clippers,Clippers
1102,Keith,Closs,,13,LAC,LA,West,Pacific,LA Clippers,Clippers
1103,Adonal,Foyle,,10,GSW,Golden State,West,Pacific,Golden State Warriors,Warriors
1104,DeJuan,Wheat,,18,MIN,Minnesota,West,Northwest,Minnesota Timberwolves,Timberwolves
1105,Ed,Gray,,1,ATL,Atlanta,East,Southeast,Atlanta Hawks,Hawks
1106,Chris,Crawford,,1,ATL,Atlanta,East,Southeast,Atlanta Hawks,Hawks
1107,Zydrunas,Ilgauskas,C,6,CLE,Cleveland,East,Central,Cleveland Cavaliers,Cavaliers
1108,Derek,Anderson,G,6,CLE,Cleveland,East,Central,Cleveland Cavaliers,Cavaliers
1109,Brevin,Knight,,6,CLE,Cleveland,East,Central,Cleveland Cavaliers,Cavaliers
1110,Cedric,Henderson,,6,CLE,Cleveland,East,Central,Cleveland Cavaliers,Cavaliers
1111,Rodrick,Rhodes,,11,HOU,Houston,West,Southwest,Houston Rockets,Rockets
1112,Jacque,Vaughn,,29,UTA,Utah,West,Northwest,Utah Jazz,Jazz
1113,Troy,Hudson,,29,UTA,Utah,West,Northwest,Utah Jazz,Jazz
1114,Jerald,Honeycutt,,17,MIL,Milwaukee,East,Central,Milwaukee Bucks,Bucks
1115,Jeff,Nordgaard,,17,MIL,Milwaukee,East,Central,Milwaukee Bucks,Bucks
1116,Tim,Thomas,,23,PHI,Philadelphia,East,Atlantic,Philadelphia 76ers,76ers
1117,God,Shammgod,,30,WAS,Washington,East,Southeast,Washington Wizards,Wizards
1118,Scot,Pollard,,9,DET,Detroit,East,Central,Detroit Pistons,Pistons
1119,Keith,Van Horn,,3,BKN,Brooklyn,East,Atlantic,Brooklyn Nets,Nets
1120,Michael,Stewart,,26,SAC,Sacramento,West,Pacific,Sacramento Kings,Kings
1121,Anthony,Johnson,,26,SAC,Sacramento,West,Pacific,Sacramento Kings,Kings
1122,Derek,Grimm,,26,SAC,Sacramento,West,Pacific,Sacramento Kings,Kings
1123,Lawrence,Funderburke,,26,SAC,Sacramento,West,Pacific,Sacramento Kings,Kings
1124,Chris,Anstey,,7,DAL,Dallas,West,Southwest,Dallas Mavericks,Mavericks
1125,Rick,Brunson,,25,POR,Portland,West,Northwest,Portland Trail Blazers,Trail Blazers
1126,Travis,Williams,,4,CHA,Charlotte,East,Southeast,Charlotte Hornets,Hornets
1127,Tariq,Abdul-Wahad,,26,SAC,Sacramento,West,Pacific,Sacramento Kings,Kings
1128,Charles,Smith,,16,MIA,Miami,East,Southeast,Miami Heat,Heat
1129,Keith,Booth,,5,CHI,Chicago,East,Central,Chicago Bulls,Bulls
1130,Ed,Stokes,,28,TOR,Toronto,East,Atlantic,Toronto Raptors,Raptors
1131,Charles,O'Bannon,,9,DET,Detroit,East,Central,Detroit Pistons,Pistons
1132,Austin,Croshere,,12,IND,Indiana,East,Central,Indiana Pacers,Pacers
1133,Rusty,LaRue,,5,CHI,Chicago,East,Central,Chicago Bulls,Bulls
1134,Kiwane,Garris,,8,DEN,Denver,West,Northwest,Denver Nuggets,Nuggets
1135,Marko,Milic,,24,PHX,Phoenix,West,Pacific,Phoenix Suns,Suns
1136,Johnny,Taylor,,22,ORL,Orlando,East,Southeast,Orlando Magic,Magic
1137,James,Cotton,,21,OKC,Oklahoma City,West,Northwest,Oklahoma City Thunder,Thunder
1138,James,Collins,,13,LAC,LA,West,Pacific,LA Clippers,Clippers
1139,Anthony,Parker,,23,PHI,Philadelphia,East,Atlantic,Philadelphia 76ers,76ers
1140,Jason,Lawson,,22,ORL,Orlando,East,Southeast,Orlando Magic,Magic
1141,Kebu,Stewart,,23,PHI,Philadelphia,East,Atlantic,Philadelphia 76ers,76ers
1142,Kelly,McCarty,,12,IND,Indiana,East,Central,Indiana Pacers,Pacers
1143,Drew,Barry,,1,ATL,Atlanta,East,Southeast,Atlanta Hawks,Hawks
1144,Michael,McDonald,,4,CHA,Charlotte,East,Southeast,Charlotte Hornets,Hornets
1145,Brandon,Williams,,10,GSW,Golden State,West,Pacific,Golden State Warriors,Warriors
1146,William,Cunningham,,29,UTA,Utah,West,Northwest,Utah Jazz,Jazz
1147,Shea,Seals,,14,LAL,Los Angeles,West,Pacific,Los Angeles Lakers,Lakers
1148,Reggie,Hanson,,2,BOS,Boston,East,Atlantic,Boston Celtics,Celtics
1149,Rashard,Lewis,,21,OKC,Oklahoma City,West,Northwest,Oklahoma City Thunder,Thunder
1150,Jelani,McCoy,,21,OKC,Oklahoma City,West,Northwest,Oklahoma City Thunder,Thunder
1151,Vladimir,Stepania,,21,OKC,Oklahoma City,West,Northwest,Oklahoma City Thunder,Thunder
1152,Larry,Hughes,,23,PHI,Philadelphia,East,Atlantic,Philadelphia 76ers,76ers
1153,Casey,Shaw,,23,PHI,Philadelphia,East,Atlantic,Philadelphia 76ers,76ers
1154,Nazr,Mohammed,,23,PHI,Philadelphia,East,Atlantic,Philadelphia 76ers,76ers
1155,Ricky,Davis,,4,CHA,Charlotte,East,Southeast,Charlotte Hornets,Hornets
1156,Brad,Miller,,4,CHA,Charlotte,East,Southeast,Charlotte Hornets,Hornets
1157,Mikki,Moore,,9,DET,Detroit,East,Central,Detroit Pistons,Pistons
1158,Michael,Doleac,,22,ORL,Orlando,East,Southeast,Orlando Magic,Magic
1159,Matt,Harpring,,22,ORL,Orlando,East,Southeast,Orlando Magic,Magic
1160,Miles,Simon,,22,ORL,Orlando,East,Southeast,Orlando Magic,Magic
1161,Jason,Williams,G,26,SAC,Sacramento,West,Pacific,Sacramento Kings,Kings
1162,Peja,Stojakovic,,26,SAC,Sacramento,West,Pacific,Sacramento Kings,Kings
1163,Jerome,James,,26,SAC,Sacramento,West,Pacific,Sacramento Kings,Kings
1164,Peter,Aluma,,26,SAC,Sacramento,West,Pacific,Sacramento Kings,Kings
1165,Gerard,King,,27,SAS,San Antonio,West,Southwest,San Antonio Spurs,Spurs
1166,Mark,Baker,,28,TOR,Toronto,East,Atlantic,Toronto Raptors,Raptors
1167,Sean,Marks,,28,TOR,Toronto,East,Atlantic,Toronto Raptors,Raptors
1168,Paul,Pierce,F,2,BOS,Boston,East,Atlantic,Boston Celtics,Celtics
1169,Marlon,Garnett,,2,BOS,Boston,East,Atlantic,Boston Celtics,Celtics
1170,Jahidi,White,,30,WAS,Washington,East,Southeast,Washington Wizards,Wizards
1171,Randell,Jackson,,30,WAS,Washington,East,Southeast,Washington Wizards,Wizards
1172,Al,Harrington,,12,IND,Indiana,East,Central,Indiana Pacers,Pacers
1173,Shammond,Williams,,1,ATL,Atlanta,East,Southeast,Atlanta Hawks,Hawks
1174,Jeff,Sheppard,,1,ATL,Atlanta,East,Southeast,Atlanta Hawks,Hawks
1175,Roshown,McLeod,,1,ATL,Atlanta,East,Southeast,Atlanta Hawks,Hawks
1176,Pat,Garrity,,24,PHX,Phoenix,West,Pacific,Phoenix Suns,Suns
1177,Gerald,Brown,,24,PHX,Phoenix,West,Pacific,Phoenix Suns,Suns
1178,Toby,Bailey,,24,PHX,Phoenix,West,Pacific,Phoenix Suns,Suns
1179,Michael,Olowokandi,,13,LAC,LA,West,Pacific,LA Clippers,Clippers
1180,Tyrone,Nesby,,13,LAC,LA,West,Pacific,LA Clippers,Clippers
1181,Michael,Dickerson,G,11,HOU,Houston,West,Southwest,Houston Rockets,Rockets
1182,Bryce,Drew,,11,HOU,Houston,West,Southwest,Houston Rockets,Rockets
1183,John,Coker,,11,HOU,Houston,West,Southwest,Houston Rockets,Rockets
1184,Cuttino,Mobley,,11,HOU,Houston,West,Southwest,Houston Rockets,Rockets
1185,Ruben,Patterson,,14,LAL,Los Angeles,West,Pacific,Los Angeles Lakers,Lakers
1186,Sam,Jacobson,,14,LAL,Los Angeles,West,Pacific,Los Angeles Lakers,Lakers
1187,Tyronn,Lue,,14,LAL,Los Angeles,West,Pacific,Los Angeles Lakers,Lakers
1188,Kornel,David,,5,CHI,Chicago,East,Central,Chicago Bulls,Bulls
1189,Cory,Carr,,5,CHI,Chicago,East,Central,Chicago Bulls,Bulls
1190,Corey,Benjamin,,5,CHI,Chicago,East,Central,Chicago Bulls,Bulls
1191,Paul,Grant,,18,MIN,Minnesota,West,Northwest,Minnesota Timberwolves,Timberwolves
1192,Andrae,Patterson,,18,MIN,Minnesota,West,Northwest,Minnesota Timberwolves,Timberwolves
1193,Raef,LaFrentz,C,8,DEN,Denver,West,Northwest,Denver Nuggets,Nuggets
1194,Keon,Clark,,8,DEN,Denver,West,Northwest,Denver Nuggets,Nuggets
1195,Tyson,Wheeler,,8,DEN,Denver,West,Northwest,Denver Nuggets,Nuggets
1196,Robert,Traylor,,17,MIL,Milwaukee,East,Central,Milwaukee Bucks,Bucks
1197,Earl,Boykins,,3,BKN,Brooklyn,East,Atlantic,Brooklyn Nets,Nets
1198,Antawn,Jamison,,10,GSW,Golden State,West,Pacific,Golden State Warriors,Warriors
1199,Mike,Bibby,G,15,MEM,Memphis,West,Southwest,Memphis Grizzlies,Grizzlies
1200,Felipe,Lopez,,15,MEM,Memphis,West,Southwest,Memphis Grizzlies,Grizzlies
1201,J.R.,Henderson,,15,MEM,Memphis,West,Southwest,Memphis Grizzlies,Grizzlies
1202,Bonzi,Wells,,25,POR,Portland,West,Northwest,Portland Trail Blazers,Trail Blazers
1203,Damon,Jones,,3,BKN,Brooklyn,East,Atlantic,Brooklyn Nets,Nets
1204,Charles,R. Jones,,5,CHI,Chicago,East,Central,Chicago Bulls,Bulls
1205,Ryan,Stack,,6,CLE,Cleveland,East,Central,Cleveland Cavaliers,Cavaliers
1206,Brian,Skinner,,13,LAC,LA,West,Pacific,LA Clippers,Clippers
1207,Jonathan,Kerner,,22,ORL,Orlando,East,Southeast,Orlando Magic,Magic
1208,Korleone,Young,,9,DET,Detroit,East,Central,Detroit Pistons,Pistons
1209,Trevor,Winter,,18,MIN,Minnesota,West,Northwest,Minnesota Timberwolves,Timberwolves
1210,Bruno,Sundov,,7,DAL,Dallas,West,Southwest,Dallas Mavericks,Mavericks
1211,Mirsad,Turkcan,,20,NYK,New York,East,Atlantic,New York Knicks,Knicks
1212,Alvin,Sims,,24,PHX,Phoenix,West,Pacific,Phoenix Suns,Suns
1213,Rasho,Nesterovic,,18,MIN,Minnesota,West,Northwest,Minnesota Timberwolves,Timberwolves
1214,Todd,MacCulloch,,23,PHI,Philadelphia,East,Atlantic,Philadelphia 76ers,76ers
1215,Jumaine,Jones,,23,PHI,Philadelphia,East,Atlantic,Philadelphia 76ers,76ers
1216,Lamar,Odom,F,13,LAC,LA,West,Pacific,LA Clippers,Clippers
1217,Obinna,Ekezie,,15,MEM,Memphis,West,Southwest,Memphis Grizzlies,Grizzlies
1218,Milt,Palacio,,15,MEM,Memphis,West,Southwest,Memphis Grizzlies,Grizzlies
1219,Devean,George,,14,LAL,Los Angeles,West,Pacific,Los Angeles Lakers,Lakers
1220,Quincy,Lewis,,29,UTA,Utah,West,Northwest,Utah Jazz,Jazz
1221,Scott,Padgett,,29,UTA,Utah,West,Northwest,Utah Jazz,Jazz
1222,Andre,Miller,,6,CLE,Cleveland,East,Central,Cleveland Cavaliers,Cavaliers
1223,Trajan,Langdon,,6,CLE,Cleveland,East,Central,Cleveland Cavaliers,Cavaliers
1224,Anthony,Carter,,16,MIA,Miami,East,Southeast,Miami Heat,Heat
1225,Rodney,Buford,,16,MIA,Miami,East,Southeast,Miami Heat,Heat
1226,Shawn,Marion,G,24,PHX,Phoenix,West,Pacific,Phoenix Suns,Suns
1227,James,Posey,F,8,DEN,Denver,West,Northwest,Denver Nuggets,Nuggets
1228,Ryan,Bowen,,8,DEN,Denver,West,Northwest,Denver Nuggets,Nuggets
1229,Adrian,Griffin,F,2,BOS,Boston,East,Atlantic,Boston Celtics,Celtics
1230,Wayne,Turner,,2,BOS,Boston,East,Atlantic,Boston Celtics,Celtics
1231,Aleksandar,Radojevic,,28,TOR,Toronto,East,Atlantic,Toronto Raptors,Raptors
1232,Steve,Francis,G,11,HOU,Houston,West,Southwest,Houston Rockets,Rockets
1233,Kenny,Thomas,,11,HOU,Houston,West,Southwest,Houston Rockets,Rockets
1234,Vonteego,Cummings,G,10,GSW,Golden State,West,Pacific,Golden State Warriors,Warriors
1235,Corey,Maggette,,22,ORL,Orlando,East,Southeast,Orlando Magic,Magic
1236,Chucky,Atkins,,22,ORL,Orlando,East,Southeast,Orlando Magic,Magic
1237,Baron,Davis,,4,CHA,Charlotte,East,Southeast,Charlotte Hornets,Hornets
1238,Jason,Miskiri,,4,CHA,Charlotte,East,Southeast,Charlotte Hornets,Hornets
1239,Eddie,Robinson,,4,CHA,Charlotte,East,Southeast,Charlotte Hornets,Hornets
1240,Derek,Hood,,4,CHA,Charlotte,East,Southeast,Charlotte Hornets,Hornets
1241,Jeff,Foster,,12,IND,Indiana,East,Central,Indiana Pacers,Pacers
1242,Jason,Terry,,1,ATL,Atlanta,East,Southeast,Atlanta Hawks,Hawks
1243,Cal,Bowdler,,1,ATL,Atlanta,East,Southeast,Atlanta Hawks,Hawks
1244,Dion,Glover,,1,ATL,Atlanta,East,Southeast,Atlanta Hawks,Hawks
1245,Richard,Hamilton,,30,WAS,Washington,East,Southeast,Washington Wizards,Wizards
1246,Laron,Profit,,30,WAS,Washington,East,Southeast,Washington Wizards,Wizards
1247,Elton,Brand,F,5,CHI,Chicago,East,Central,Chicago Bulls,Bulls
1248,Michael,Ruffin,,5,CHI,Chicago,East,Central,Chicago Bulls,Bulls
1249,Metta,World Peace,,5,CHI,Chicago,East,Central,Chicago Bulls,Bulls
1250,Dedric,Willoughby,,5,CHI,Chicago,East,Central,Chicago Bulls,Bulls
1251,Wally,Szczerbiak,F,18,MIN,Minnesota,West,Northwest,Minnesota Timberwolves,Timberwolves
1252,William,Avery,,18,MIN,Minnesota,West,Northwest,Minnesota Timberwolves,Timberwolves
1253,Rick,Hughes,,7,DAL,Dallas,West,Southwest,Dallas Mavericks,Mavericks
1254,Leon,Smith,,7,DAL,Dallas,West,Southwest,Dallas Mavericks,Mavericks
1255,Lazaro,Borrell,,21,OKC,Oklahoma City,West,Northwest,Oklahoma City Thunder,Thunder
1256,Jermaine,Jackson,,9,DET,Detroit,East,Central,Detroit Pistons,Pistons
1257,Chris,Herren,,8,DEN,Denver,West,Northwest,Denver Nuggets,Nuggets
1258,John,Celestand,,14,LAL,Los Angeles,West,Pacific,Los Angeles Lakers,Lakers
1259,Lari,Ketner,,5,CHI,Chicago,East,Central,Chicago Bulls,Bulls
1260,Tim,Young,,10,GSW,Golden State,West,Pacific,Golden State Warriors,Warriors
1261,DeMarco,Johnson,,20,NYK,New York,East,Atlantic,New York Knicks,Knicks
1262,A.J.,Bramlett,,6,CLE,Cleveland,East,Central,Cleveland Cavaliers,Cavaliers
1263,Harold,Jamison,,16,MIA,Miami,East,Southeast,Miami Heat,Heat
1264,Jonathan,Bender,,12,IND,Indiana,East,Central,Indiana Pacers,Pacers
1265,Jamel,Thomas,,2,BOS,Boston,East,Atlantic,Boston Celtics,Celtics
1266,Evan,Eschmeyer,,3,BKN,Brooklyn,East,Atlantic,Brooklyn Nets,Nets
1267,Greg,Buckner,,7,DAL,Dallas,West,Southwest,Dallas Mavericks,Mavericks
1268,Tim,James,,16,MIA,Miami,East,Southeast,Miami Heat,Heat
1269,Rafer,Alston,,17,MIL,Milwaukee,East,Central,Milwaukee Bucks,Bucks
1270,Ira,Bowman,,23,PHI,Philadelphia,East,Atlantic,Philadelphia 76ers,76ers
1271,Derrick,Dial,,27,SAS,San Antonio,West,Southwest,San Antonio Spurs,Spurs
1272,Calvin,Booth,,30,WAS,Washington,East,Southeast,Washington Wizards,Wizards
1273,Maceo,Baston,,17,MIL,Milwaukee,East,Central,Milwaukee Bucks,Bucks
1274,Jamaal,Magloire,,4,CHA,Charlotte,East,Southeast,Charlotte Hornets,Hornets
1275,Hanno,Mottola,F,1,ATL,Atlanta,East,Southeast,Atlanta Hawks,Hawks
1276,DerMarr,Johnson,,1,ATL,Atlanta,East,Southeast,Atlanta Hawks,Hawks
1277,Pepe,Sanchez,,23,PHI,Philadelphia,East,Atlantic,Philadelphia 76ers,76ers
1278,Lavor,Postell,,20,NYK,New York,East,Atlantic,New York Knicks,Knicks
1279,Chris,Mihm,,6,CLE,Cleveland,East,Central,Cleveland Cavaliers,Cavaliers
1280,Stephen,Jackson,F,3,BKN,Brooklyn,East,Atlantic,Brooklyn Nets,Nets
1281,Kenyon,Martin,F,3,BKN,Brooklyn,East,Atlantic,Brooklyn Nets,Nets
1282,Soumaila,Samake,,3,BKN,Brooklyn,East,Atlantic,Brooklyn Nets,Nets
1283,Desmond,Mason,G,21,OKC,Oklahoma City,West,Northwest,Oklahoma City Thunder,Thunder
1284,Ruben,Wolkowyski,,21,OKC,Oklahoma City,West,Northwest,Oklahoma City Thunder,Thunder
1285,Stromile,Swift,,15,MEM,Memphis,West,Southwest,Memphis Grizzlies,Grizzlies
1286,Joel,Przybilla,,17,MIL,Milwaukee,East,Central,Milwaukee Bucks,Bucks
1287,Michael,Redd,,17,MIL,Milwaukee,East,Central,Milwaukee Bucks,Bucks
1288,Eduardo,Najera,F,7,DAL,Dallas,West,Southwest,Dallas Mavericks,Mavericks
1289,Courtney,Alexander,,7,DAL,Dallas,West,Southwest,Dallas Mavericks,Mavericks
1290,Hedo,Turkoglu,,26,SAC,Sacramento,West,Pacific,Sacramento Kings,Kings
1291,Khalid,El-Amin,G,5,CHI,Chicago,East,Central,Chicago Bulls,Bulls
1292,Marcus,Fizer,,5,CHI,Chicago,East,Central,Chicago Bulls,Bulls
1293,A.J.,Guyton,,5,CHI,Chicago,East,Central,Chicago Bulls,Bulls
1294,Dragan,Tarlac,,5,CHI,Chicago,East,Central,Chicago Bulls,Bulls
1295,Darius,Miles,G,13,LAC,LA,West,Pacific,LA Clippers,Clippers
1296,Keyon,Dooling,,13,LAC,LA,West,Pacific,LA Clippers,Clippers
1297,Quentin,Richardson,,13,LAC,LA,West,Pacific,LA Clippers,Clippers
1298,DeShawn,Stevenson,,29,UTA,Utah,West,Northwest,Utah Jazz,Jazz
1299,Mike,Miller,,22,ORL,Orlando,East,Southeast,Orlando Magic,Magic
1300,Mark,Madsen,,14,LAL,Los Angeles,West,Pacific,Los Angeles Lakers,Lakers
1301,Erick,Barkley,,25,POR,Portland,West,Northwest,Portland Trail Blazers,Trail Blazers
1302,Mateen,Cleaves,,9,DET,Detroit,East,Central,Detroit Pistons,Pistons
1303,Morris,Peterson,,28,TOR,Toronto,East,Atlantic,Toronto Raptors,Raptors
1304,Jason,Collier,,11,HOU,Houston,West,Southwest,Houston Rockets,Rockets
1305,Daniel,Santiago,,24,PHX,Phoenix,West,Pacific,Phoenix Suns,Suns
1306,Paul,McPherson,,24,PHX,Phoenix,West,Pacific,Phoenix Suns,Suns
1307,Ruben,Garces,,24,PHX,Phoenix,West,Pacific,Phoenix Suns,Suns
1308,Jake,Tsakalidis,,24,PHX,Phoenix,West,Pacific,Phoenix Suns,Suns
1309,Marc,Jackson,,10,GSW,Golden State,West,Pacific,Golden State Warriors,Warriors
1310,Chris,Porter,,10,GSW,Golden State,West,Pacific,Golden State Warriors,Warriors
1311,Jamal,Robinson,,16,MIA,Miami,East,Southeast,Miami Heat,Heat
1312,Eddie,House,,16,MIA,Miami,East,Southeast,Miami Heat,Heat
1313,Jerome,Moiso,,2,BOS,Boston,East,Atlantic,Boston Celtics,Celtics
1314,Mark,Blount,,2,BOS,Boston,East,Atlantic,Boston Celtics,Celtics
1315,Dan,Langhi,,11,HOU,Houston,West,Southwest,Houston Rockets,Rockets
1316,Garth,Joseph,,28,TOR,Toronto,East,Atlantic,Toronto Raptors,Raptors
1317,Jake,Voskuhl,,5,CHI,Chicago,East,Central,Chicago Bulls,Bulls
1318,Mike,Penberthy,,14,LAL,Los Angeles,West,Pacific,Los Angeles Lakers,Lakers
1319,Lee,Nailon,,4,CHA,Charlotte,East,Southeast,Charlotte Hornets,Hornets
1320,Zendon,Hamilton,,13,LAC,LA,West,Pacific,LA Clippers,Clippers
1321,Terrance,Roberson,,4,CHA,Charlotte,East,Southeast,Charlotte Hornets,Hornets
1322,Dalibor,Bagaric,,5,CHI,Chicago,East,Central,Chicago Bulls,Bulls
1323,Ira,Newble,,27,SAS,San Antonio,West,Southwest,San Antonio Spurs,Spurs
1324,Donnell,Harvey,,7,DAL,Dallas,West,Southwest,Dallas Mavericks,Mavericks
1325,Brian,Cardinal,,9,DET,Detroit,East,Central,Detroit Pistons,Pistons
1326,Slava,Medvedenko,,14,LAL,Los Angeles,West,Pacific,Los Angeles Lakers,Lakers
1327,Olumide,Oyedeji,,21,OKC,Oklahoma City,West,Northwest,Oklahoma City Thunder,Thunder
1328,Andy,Panko,,1,ATL,Atlanta,East,Southeast,Atlanta Hawks,Hawks
1329,Jabari,Smith,,26,SAC,Sacramento,West,Pacific,Sacramento Kings,Kings
1330,Mamadou,N'diaye,,28,TOR,Toronto,East,Atlantic,Toronto Raptors,Raptors
1331,Sean,Colson,,1,ATL,Atlanta,East,Southeast,Atlanta Hawks,Hawks
1332,Art,Long,,26,SAC,Sacramento,West,Pacific,Sacramento Kings,Kings
1333,Mike,Smith,,30,WAS,Washington,East,Southeast,Washington Wizards,Wizards
1334,David,Vanterpool,,30,WAS,Washington,East,Southeast,Washington Wizards,Wizards
1335,Steve,Goodrich,,5,CHI,Chicago,East,Central,Chicago Bulls,Bulls
1336,Eddie,Gill,,3,BKN,Brooklyn,East,Atlantic,Brooklyn Nets,Nets
1337,Wang,Zhi-zhi,,7,DAL,Dallas,West,Southwest,Dallas Mavericks,Mavericks
1338,Dan,McClintock,,8,DEN,Denver,West,Northwest,Denver Nuggets,Nuggets
1339,Raja,Bell,,23,PHI,Philadelphia,East,Atlantic,Philadelphia 76ers,76ers
1340,Jason,Hart,,17,MIL,Milwaukee,East,Central,Milwaukee Bucks,Bucks
1341,Vladimir,Radmanovic,,21,OKC,Oklahoma City,West,Northwest,Oklahoma City Thunder,Thunder
1342,Earl,Watson,,21,OKC,Oklahoma City,West,Northwest,Oklahoma City Thunder,Thunder
1343,Gerald,Wallace,,26,SAC,Sacramento,West,Pacific,Sacramento Kings,Kings
1344,Jamaal,Tinsley,G,12,IND,Indiana,East,Central,Indiana Pacers,Pacers
1345,Primoz,Brezec,,12,IND,Indiana,East,Central,Indiana Pacers,Pacers
1346,Richard,Jefferson,,3,BKN,Brooklyn,East,Atlantic,Brooklyn Nets,Nets
1347,Brandon,Armstrong,,3,BKN,Brooklyn,East,Atlantic,Brooklyn Nets,Nets
1348,Jason,Collins,,3,BKN,Brooklyn,East,Atlantic,Brooklyn Nets,Nets
1349,Carlos,Arroyo,,28,TOR,Toronto,East,Atlantic,Toronto Raptors,Raptors
1350,Michael,Bradley,,28,TOR,Toronto,East,Atlantic,Toronto Raptors,Raptors
1351,Steven,Hunter,,22,ORL,Orlando,East,Southeast,Orlando Magic,Magic
1352,Andrei,Kirilenko,,29,UTA,Utah,West,Northwest,Utah Jazz,Jazz
1353,Alton,Ford,,24,PHX,Phoenix,West,Pacific,Phoenix Suns,Suns
1354,Charlie,Bell,,24,PHX,Phoenix,West,Pacific,Phoenix Suns,Suns
1355,Speedy,Claxton,G,23,PHI,Philadelphia,East,Atlantic,Philadelphia 76ers,76ers
1356,Damone,Brown,,23,PHI,Philadelphia,East,Atlantic,Philadelphia 76ers,76ers
1357,Loren,Woods,,18,MIN,Minnesota,West,Northwest,Minnesota Timberwolves,Timberwolves
1358,Eddie,Griffin,,11,HOU,Houston,West,Southwest,Houston Rockets,Rockets
1359,Oscar,Torres,,11,HOU,Houston,West,Southwest,Houston Rockets,Rockets
1360,Tierre,Brown,,11,HOU,Houston,West,Southwest,Houston Rockets,Rockets
1361,Terence,Morris,,11,HOU,Houston,West,Southwest,Houston Rockets,Rockets
1362,Zeljko,Rebraca,,9,DET,Detroit,East,Central,Detroit Pistons,Pistons
1363,Rodney,White,,9,DET,Detroit,East,Central,Detroit Pistons,Pistons
1365,Joseph,Forte,,2,BOS,Boston,East,Atlantic,Boston Celtics,Celtics
1366,Kedrick,Brown,,2,BOS,Boston,East,Atlantic,Boston Celtics,Celtics
1367,DeSagana,Diop,,6,CLE,Cleveland,East,Central,Cleveland Cavaliers,Cavaliers
1368,Kwame,Brown,,30,WAS,Washington,East,Southeast,Washington Wizards,Wizards
1369,Bobby,Simmons,,30,WAS,Washington,East,Southeast,Washington Wizards,Wizards
1370,Etan,Thomas,,30,WAS,Washington,East,Southeast,Washington Wizards,Wizards
1371,Ruben,Boumtje-Boumtje,,25,POR,Portland,West,Northwest,Portland Trail Blazers,Trail Blazers
1372,Jason,Richardson,,10,GSW,Golden State,West,Pacific,Golden State Warriors,Warriors
1373,Troy,Murphy,,10,GSW,Golden State,West,Pacific,Golden State Warriors,Warriors
1374,Gilbert,Arenas,,10,GSW,Golden State,West,Pacific,Golden State Warriors,Warriors
1375,Trenton,Hassell,,5,CHI,Chicago,East,Central,Chicago Bulls,Bulls
1376,Eddy,Curry,,5,CHI,Chicago,East,Central,Chicago Bulls,Bulls
1377,Tang,Hamilton,,16,MIA,Miami,East,Southeast,Miami Heat,Heat
1378,Shane,Battier,F,15,MEM,Memphis,West,Southwest,Memphis Grizzlies,Grizzlies
1379,Will,Solomon,,15,MEM,Memphis,West,Southwest,Memphis Grizzlies,Grizzlies
1380,Antonis,Fotsis,,15,MEM,Memphis,West,Southwest,Memphis Grizzlies,Grizzlies
1381,Alvin,Jones,,23,PHI,Philadelphia,East,Atlantic,Philadelphia 76ers,76ers
1382,Jeff,Trepagnier,,6,CLE,Cleveland,East,Central,Cleveland Cavaliers,Cavaliers
1383,Joe,Crispin,,14,LAL,Los Angeles,West,Pacific,Los Angeles Lakers,Lakers
1384,Ernest,Brown,,16,MIA,Miami,East,Southeast,Miami Heat,Heat
1385,Jarron,Collins,,29,UTA,Utah,West,Northwest,Utah Jazz,Jazz
1386,Jamison,Brewer,,12,IND,Indiana,East,Central,Indiana Pacers,Pacers
1387,Malik,Allen,,16,MIA,Miami,East,Southeast,Miami Heat,Heat
1388,Predrag,Drobnjak,,21,OKC,Oklahoma City,West,Northwest,Oklahoma City Thunder,Thunder
1389,Chris,Andersen,,8,DEN,Denver,West,Northwest,Denver Nuggets,Nuggets
1390,Kenny,Satterfield,,8,DEN,Denver,West,Northwest,Denver Nuggets,Nuggets
1391,Brendan,Haywood,,30,WAS,Washington,East,Southeast,Washington Wizards,Wizards
1392,Kirk,Haston,,4,CHA,Charlotte,East,Southeast,Charlotte Hornets,Hornets
1393,Samuel,Dalembert,,23,PHI,Philadelphia,East,Atlantic,Philadelphia 76ers,76ers
1394,Mike,James,,16,MIA,Miami,East,Southeast,Miami Heat,Heat
1395,Maurice,Evans,,18,MIN,Minnesota,West,Northwest,Minnesota Timberwolves,Timberwolves
1396,Jeryl,Sasser,,22,ORL,Orlando,East,Southeast,Orlando Magic,Magic
1397,Dean,Oliver,,10,GSW,Golden State,West,Pacific,Golden State Warriors,Warriors
1398,Norman,Richardson,,12,IND,Indiana,East,Central,Indiana Pacers,Pacers
1399,Brian,Scalabrine,,3,BKN,Brooklyn,East,Atlantic,Brooklyn Nets,Nets
1400,Ratko,Varda,,9,DET,Detroit,East,Central,Detroit Pistons,Pistons
1401,Tremaine,Fowlkes,,13,LAC,LA,West,Pacific,LA Clippers,Clippers
1402,Mengke,Bateer,,8,DEN,Denver,West,Northwest,Denver Nuggets,Nuggets
1403,Ike,Fontaine,,15,MEM,Memphis,West,Southwest,Memphis Grizzlies,Grizzlies
1404,Ansu,Sesay,,21,OKC,Oklahoma City,West,Northwest,Oklahoma City Thunder,Thunder
1405,Omar,Cook,,2,BOS,Boston,East,Atlantic,Boston Celtics,Celtics
1406,John,Salmons,,23,PHI,Philadelphia,East,Atlantic,Philadelphia 76ers,76ers
1407,Efthimios,Rentzias,,23,PHI,Philadelphia,East,Atlantic,Philadelphia 76ers,76ers
1408,Pat,Burke,C,22,ORL,Orlando,East,Southeast,Orlando Magic,Magic
1409,Ryan,Humphrey,,22,ORL,Orlando,East,Southeast,Orlando Magic,Magic
1410,Carlos,Boozer,,6,CLE,Cleveland,East,Central,Cleveland Cavaliers,Cavaliers
1411,Smush,Parker,,6,CLE,Cleveland,East,Central,Cleveland Cavaliers,Cavaliers
1412,Manu,Ginobili,,27,SAS,San Antonio,West,Southwest,San Antonio Spurs,Spurs
1413,Jannero,Pargo,,14,LAL,Los Angeles,West,Pacific,Los Angeles Lakers,Lakers
1414,Kareem,Rush,,14,LAL,Los Angeles,West,Pacific,Los Angeles Lakers,Lakers
1415,Frank,Williams,,20,NYK,New York,East,Atlantic,New York Knicks,Knicks
1416,Tayshaun,Prince,,9,DET,Detroit,East,Central,Detroit Pistons,Pistons
1417,Mehmet,Okur,,9,DET,Detroit,East,Central,Detroit Pistons,Pistons
1418,Jared,Jeffries,,30,WAS,Washington,East,Southeast,Washington Wizards,Wizards
1419,Juan,Dixon,,30,WAS,Washington,East,Southeast,Washington Wizards,Wizards
1420,Nate,Huffman,,28,TOR,Toronto,East,Atlantic,Toronto Raptors,Raptors
1421,Chris,Jefferies,,28,TOR,Toronto,East,Atlantic,Toronto Raptors,Raptors
1422,Chris,Wilcox,,13,LAC,LA,West,Pacific,LA Clippers,Clippers
1423,Marko,Jaric,,13,LAC,LA,West,Pacific,LA Clippers,Clippers
1424,Qyntel,Woods,,25,POR,Portland,West,Northwest,Portland Trail Blazers,Trail Blazers
1425,Jay,Williams,G,5,CHI,Chicago,East,Central,Chicago Bulls,Bulls
1426,Lonny,Baxter,,5,CHI,Chicago,East,Central,Chicago Bulls,Bulls
1427,J.R.,Bremer,,2,BOS,Boston,East,Atlantic,Boston Celtics,Celtics
1428,Jiri,Welsch,,10,GSW,Golden State,West,Pacific,Golden State Warriors,Warriors
1429,Mike,Dunleavy,,10,GSW,Golden State,West,Pacific,Golden State Warriors,Warriors
1430,Nikoloz,Tskitishvili,,8,DEN,Denver,West,Northwest,Denver Nuggets,Nuggets
1431,Junior,Harrington,,8,DEN,Denver,West,Northwest,Denver Nuggets,Nuggets
1432,Igor,Rakocevic,,18,MIN,Minnesota,West,Northwest,Minnesota Timberwolves,Timberwolves
1433,Amar'e,Stoudemire,,24,PHX,Phoenix,West,Pacific,Phoenix Suns,Suns
1434,Casey,Jacobsen,,24,PHX,Phoenix,West,Pacific,Phoenix Suns,Suns
1435,Reggie,Evans,F,21,OKC,Oklahoma City,West,Northwest,Oklahoma City Thunder,Thunder
1436,Dan,Gadzuric,C,17,MIL,Milwaukee,East,Central,Milwaukee Bucks,Bucks
1437,Marcus,Haislip,,17,MIL,Milwaukee,East,Central,Milwaukee Bucks,Bucks
1438,Flip,Murray,,17,MIL,Milwaukee,East,Central,Milwaukee Bucks,Bucks
1439,Caron,Butler,F,16,MIA,Miami,East,Southeast,Miami Heat,Heat
1440,Rasual,Butler,,16,MIA,Miami,East,Southeast,Miami Heat,Heat
1441,Drew,Gooden,F,15,MEM,Memphis,West,Southwest,Memphis Grizzlies,Grizzlies
1442,Gordan,Giricek,,15,MEM,Memphis,West,Southwest,Memphis Grizzlies,Grizzlies
1443,Mike,Batiste,,15,MEM,Memphis,West,Southwest,Memphis Grizzlies,Grizzlies
1444,Juaquin,Hawkins,,11,HOU,Houston,West,Southwest,Houston Rockets,Rockets
1445,Yao,Ming,,11,HOU,Houston,West,Southwest,Houston Rockets,Rockets
1446,Bostjan,Nachbar,,11,HOU,Houston,West,Southwest,Houston Rockets,Rockets
1447,Fred,Jones,,12,IND,Indiana,East,Central,Indiana Pacers,Pacers
1448,Dan,Dickau,,1,ATL,Atlanta,East,Southeast,Atlanta Hawks,Hawks
